1422133390.52, 0.000, 0.000, 0.000
1422133390.62, 0.000, -0.000, 0.000
1422133390.72, 0.001, -0.001, 0.000
1422133390.82, 0.001, -0.003, 0.001
1422133390.92, 0.003, -0.007, 0.004
1422133391.02, 0.008, -0.011, 0.000
1422133391.13, 0.005, -0.014, -0.001
1422133391.23, 0.009, -0.019, -0.003
1422133391.33, 0.003, -0.010, -0.002
1422133391.43, 0.006, -0.017, -0.008
1422133391.53, 0.004, -0.018, -0.004
1422133391.63, 0.005, -0.019, -0.007
1422133391.73, 0.003, -0.006, 0.005
1422133391.83, 0.006, -0.009, 0.013
1422133391.93, 0.005, -0.018, 0.012
1422133392.03, 0.007, -0.019, 0.018
1422133392.13, 0.006, -0.004, 0.009
1422133392.24, 0.008, 0.001, 0.012
1422133392.34, 0.002, -0.006, 0.016
1422133392.44, 0.003, -0.005, 0.016
1422133392.54, 0.006, -0.006, 0.006
1422133392.64, 0.009, 0.002, 0.005
1422133392.74, 0.005, -0.002, 0.004
1422133392.84, 0.009, 0.013, -0.003
1422133392.94, 0.012, 0.005, -0.001
1422133393.04, 0.012, 0.006, -0.005
1422133393.14, 0.010, -0.010, 0.004
1422133393.24, 0.009, -0.006, 0.003
1422133393.34, 0.011, -0.009, 0.015
1422133393.45, 0.010, -0.015, 0.023
1422133393.55, 0.009, -0.018, 0.020
1422133393.65, 0.007, -0.026, 0.027
1422133393.75, 0.009, -0.023, 0.022
1422133393.85, 0.007, -0.031, 0.029
1422133393.95, 0.012, -0.036, 0.028
1422133394.05, 0.011, -0.043, 0.026
1422133394.15, 0.011, -0.024, 0.012
1422133394.25, 0.010, -0.032, 0.010
1422133394.35, 0.013, -0.024, 0.014
1422133394.45, 0.015, -0.036, 0.013
1422133394.56, 0.017, -0.031, 0.017
1422133394.66, 0.018, -0.048, 0.026
1422133394.76, 0.016, -0.030, 0.035
1422133394.86, 0.011, -0.060, 0.043
1422133394.96, 0.015, -0.033, 0.066
1422133395.06, 0.007, -0.022, 0.083
1422133395.16, 0.008, 0.003, 0.098
1422133395.26, -0.001, -0.001, 0.117
1422133395.36, -0.001, 0.001, 0.140
1422133395.46, -0.000, 0.007, 0.163
1422133395.56, 0.006, 0.007, 0.193
1422133395.66, 0.004, -0.003, 0.221
1422133395.77, 0.008, -0.005, 0.263
1422133395.87, 0.007, -0.017, 0.295
1422133395.97, 0.016, 0.010, 0.348
1422133396.07, 0.016, -0.000, 0.381
1422133396.17, 0.029, 0.019, 0.473
1422133396.27, 0.033, 0.006, 0.529
1422133396.37, 0.044, 0.015, 0.596
1422133396.47, 0.051, 0.002, 0.671
1422133396.57, 0.063, 0.038, 0.768
1422133396.67, 0.067, 0.020, 0.848
1422133396.77, 0.082, 0.028, 0.946
1422133396.87, 0.088, 0.002, 1.031
1422133396.98, 0.129, 0.057, 1.125
1422133397.08, 0.148, 0.058, 1.213
1422133397.18, 0.184, 0.094, 1.290
1422133397.28, 0.206, 0.100, 1.369
1422133397.38, 0.228, 0.123, 1.465
1422133397.48, 0.252, 0.129, 1.549
1422133397.58, 0.270, 0.132, 1.648
1422133397.68, 0.295, 0.138, 1.730
1422133397.78, 0.324, 0.142, 1.834
1422133397.88, 0.351, 0.152, 1.919
1422133397.98, 0.393, 0.139, 2.048
1422133398.09, 0.425, 0.120, 2.152
1422133398.19, 0.470, 0.150, 2.271
1422133398.29, 0.502, 0.148, 2.371
1422133398.39, 0.547, 0.160, 2.484
1422133398.49, 0.593, 0.151, 2.598
1422133398.59, 0.625, 0.179, 2.710
1422133398.69, 0.664, 0.177, 2.825
1422133398.79, 0.687, 0.201, 2.931
1422133398.89, 0.719, 0.187, 3.054
1422133398.99, 0.743, 0.227, 3.172
1422133399.09, 0.781, 0.228, 3.293
1422133399.19, 0.810, 0.263, 3.420
1422133399.3, 0.849, 0.260, 3.536
1422133399.4, 0.895, 0.253, 3.652
1422133399.5, 0.932, 0.251, 3.771
1422133399.6, 0.967, 0.283, 3.907
1422133399.7, 1.001, 0.260, 4.027
1422133399.8, 1.048, 0.270, 4.155
1422133399.9, 1.080, 0.254, 4.279
1422133400.0, 1.123, 0.313, 4.387
1422133400.1, 1.153, 0.313, 4.505
1422133400.2, 1.194, 0.329, 4.622
1422133400.3, 1.226, 0.322, 4.740
1422133400.4, 1.265, 0.351, 4.851
1422133400.51, 1.303, 0.350, 4.959
1422133400.61, 1.333, 0.359, 5.073
1422133400.71, 1.369, 0.366, 5.184
1422133400.81, 1.382, 0.398, 5.326
1422133400.91, 1.410, 0.387, 5.433
1422133401.01, 1.435, 0.378, 5.574
1422133401.11, 1.461, 0.383, 5.695
1422133401.21, 1.484, 0.416, 5.803
1422133401.31, 1.508, 0.413, 5.923
1422133401.41, 1.522, 0.414, 6.039
1422133401.51, 1.541, 0.400, 6.155
1422133401.62, 1.548, 0.432, 6.272
1422133401.72, 1.563, 0.425, 6.381
1422133401.82, 1.593, 0.453, 6.499
1422133401.92, 1.605, 0.444, 6.613
1422133402.02, 1.624, 0.475, 6.750
1422133402.12, 1.642, 0.465, 6.879
1422133402.22, 1.657, 0.494, 6.997
1422133402.32, 1.675, 0.492, 7.130
1422133402.42, 1.691, 0.507, 7.249
1422133402.52, 1.710, 0.498, 7.384
1422133402.62, 1.726, 0.526, 7.516
1422133402.72, 1.739, 0.523, 7.658
1422133402.83, 1.728, 0.537, 7.798
1422133402.93, 1.742, 0.551, 7.939
1422133403.03, 1.749, 0.589, 8.086
1422133403.13, 1.759, 0.588, 8.225
1422133403.23, 1.774, 0.590, 8.361
1422133403.33, 1.798, 0.613, 8.503
1422133403.43, 1.824, 0.630, 8.656
1422133403.53, 1.836, 0.634, 8.803
1422133403.63, 1.846, 0.659, 8.963
1422133403.73, 1.864, 0.666, 9.114
1422133403.83, 1.878, 0.688, 9.260
1422133403.93, 1.889, 0.688, 9.421
1422133404.04, 1.888, 0.687, 9.575
1422133404.14, 1.900, 0.688, 9.734
1422133404.24, 1.909, 0.729, 9.891
1422133404.34, 1.925, 0.726, 10.047
1422133404.44, 1.952, 0.740, 10.208
1422133404.54, 1.963, 0.748, 10.355
1422133404.64, 1.978, 0.782, 10.526
1422133404.74, 1.991, 0.787, 10.682
1422133404.84, 1.999, 0.802, 10.866
1422133404.94, 2.012, 0.803, 11.031
1422133405.04, 2.010, 0.839, 11.200
1422133405.15, 2.026, 0.846, 11.373
1422133405.25, 2.017, 0.873, 11.549
1422133405.35, 2.030, 0.887, 11.727
1422133405.45, 2.062, 0.885, 11.940
1422133405.55, 2.070, 0.907, 12.108
1422133405.65, 2.070, 0.941, 12.250
1422133405.75, 2.084, 0.938, 12.427
1422133405.85, 2.109, 0.934, 12.615
1422133405.95, 2.128, 0.945, 12.777
1422133406.05, 2.144, 0.963, 12.966
1422133406.15, 2.162, 0.967, 13.146
1422133406.25, 2.176, 0.975, 13.321
1422133406.36, 2.174, 0.999, 13.518
1422133406.46, 2.172, 1.024, 13.699
1422133406.56, 2.181, 1.036, 13.871
1422133406.66, 2.173, 1.076, 14.042
1422133406.76, 2.181, 1.089, 14.203
1422133406.86, 2.183, 1.091, 14.381
1422133406.96, 2.196, 1.095, 14.547
1422133407.06, 2.212, 1.131, 14.730
1422133407.16, 2.223, 1.144, 14.900
1422133407.26, 2.245, 1.167, 15.085
1422133407.36, 2.252, 1.171, 15.264
1422133407.47, 2.256, 1.178, 15.435
1422133407.57, 2.246, 1.191, 15.601
1422133407.67, 2.245, 1.192, 15.785
1422133407.77, 2.242, 1.214, 15.969
1422133407.87, 2.268, 1.231, 16.116
1422133407.97, 2.283, 1.225, 16.317
1422133408.07, 2.303, 1.258, 16.495
1422133408.17, 2.315, 1.263, 16.670
1422133408.27, 2.324, 1.298, 16.844
1422133408.37, 2.332, 1.301, 17.036
1422133408.47, 2.296, 1.307, 17.178
1422133408.57, 2.284, 1.295, 17.344
1422133408.68, 2.270, 1.288, 17.518
1422133408.78, 2.239, 1.334, 17.689
1422133408.88, 2.211, 1.373, 17.865
1422133408.98, 2.184, 1.374, 18.040
1422133409.08, 2.148, 1.411, 18.211
1422133409.18, 2.107, 1.409, 18.388
1422133409.28, 2.051, 1.442, 18.562
1422133409.38, 2.004, 1.439, 18.738
1422133409.48, 1.954, 1.436, 18.913
1422133409.58, 1.885, 1.475, 19.066
1422133409.68, 1.830, 1.490, 19.233
1422133409.78, 1.770, 1.482, 19.403
1422133409.89, 1.726, 1.513, 19.566
1422133409.99, 1.663, 1.502, 19.729
1422133410.09, 1.576, 1.540, 19.901
1422133410.19, 1.500, 1.541, 20.058
1422133410.29, 1.409, 1.598, 20.220
1422133410.39, 1.321, 1.586, 20.392
1422133410.49, 1.223, 1.596, 20.571
1422133410.59, 1.129, 1.594, 20.745
1422133410.69, 1.052, 1.622, 20.903
1422133410.79, 0.956, 1.612, 21.082
1422133410.89, 0.873, 1.660, 21.232
1422133411.0, 0.770, 1.658, 21.406
1422133411.1, 0.665, 1.685, 21.554
1422133411.2, 0.572, 1.666, 21.729
1422133411.3, 0.484, 1.696, 21.879
1422133411.4, 0.393, 1.668, 22.050
1422133411.5, 0.298, 1.726, 22.218
1422133411.6, 0.205, 1.717, 22.391
1422133411.7, 0.111, 1.764, 22.559
1422133411.8, 0.013, 1.761, 22.734
1422133411.9, -0.097, 1.795, 22.887
1422133412.0, -0.208, 1.796, 23.071
1422133412.1, -0.314, 1.793, 23.252
1422133412.21, -0.431, 1.821, 23.410
1422133412.31, -0.519, 1.841, 23.567
1422133412.41, -0.624, 1.852, 23.742
1422133412.51, -0.719, 1.879, 23.899
1422133412.61, -0.827, 1.878, 24.073
1422133412.71, -0.944, 1.900, 24.223
1422133412.81, -1.050, 1.906, 24.384
1422133412.91, -1.151, 1.937, 24.530
1422133413.01, -1.260, 1.929, 24.694
1422133413.11, -1.369, 1.936, 24.860
1422133413.21, -1.487, 1.920, 25.030
1422133413.32, -1.597, 1.955, 25.179
1422133413.42, -1.716, 1.935, 25.346
1422133413.52, -1.825, 1.970, 25.501
1422133413.62, -1.945, 1.961, 25.669
1422133413.72, -2.070, 2.012, 25.826
1422133413.82, -2.192, 2.000, 25.992
1422133413.92, -2.330, 2.004, 26.123
1422133414.02, -2.465, 2.004, 26.275
1422133414.12, -2.604, 2.055, 26.395
1422133414.22, -2.739, 2.049, 26.534
1422133414.32, -2.855, 2.059, 26.645
1422133414.42, -2.992, 2.050, 26.774
1422133414.53, -3.110, 2.108, 26.874
1422133414.63, -3.248, 2.096, 26.993
1422133414.73, -3.378, 2.095, 27.105
1422133414.83, -3.522, 2.092, 27.214
1422133414.93, -3.673, 2.153, 27.298
1422133415.03, -3.822, 2.150, 27.402
1422133415.13, -3.956, 2.173, 27.488
1422133415.23, -4.100, 2.160, 27.584
1422133415.33, -4.247, 2.150, 27.679
1422133415.43, -4.355, 2.177, 27.763
1422133415.53, -4.498, 2.191, 27.847
1422133415.63, -4.609, 2.215, 27.914
1422133415.74, -4.722, 2.217, 27.993
1422133415.84, -4.851, 2.216, 28.077
1422133415.94, -4.935, 2.219, 28.114
1422133416.04, -5.055, 2.209, 28.199
1422133416.14, -5.102, 2.214, 28.279
1422133416.24, -5.221, 2.203, 28.366
1422133416.34, -5.339, 2.189, 28.458
1422133416.44, -5.441, 2.193, 28.631
1422133416.54, -5.539, 2.247, 28.735
1422133416.64, -5.628, 2.242, 28.833
1422133416.74, -5.691, 2.270, 28.895
1422133416.85, -5.776, 2.264, 28.994
1422133416.95, -5.868, 2.294, 29.097
1422133417.05, -5.947, 2.281, 29.202
1422133417.15, -6.032, 2.306, 29.329
1422133417.25, -6.107, 2.299, 29.441
1422133417.35, -6.160, 2.329, 29.571
1422133417.45, -6.226, 2.320, 29.686
1422133417.55, -6.283, 2.338, 29.804
1422133417.65, -6.343, 2.323, 29.923
1422133417.75, -6.398, 2.348, 30.051
1422133417.85, -6.452, 2.339, 30.173
1422133417.95, -6.482, 2.383, 30.293
1422133418.06, -6.523, 2.377, 30.413
1422133418.16, -6.566, 2.390, 30.537
1422133418.26, -6.606, 2.371, 30.662
1422133418.36, -6.648, 2.426, 30.774
1422133418.46, -6.683, 2.424, 30.886
1422133418.56, -6.718, 2.452, 30.991
1422133418.66, -6.748, 2.450, 31.104
1422133418.76, -6.772, 2.472, 31.234
1422133418.86, -6.798, 2.473, 31.351
1422133418.96, -6.806, 2.476, 31.487
1422133419.06, -6.819, 2.471, 31.606
1422133419.17, -6.828, 2.465, 31.725
1422133419.27, -6.828, 2.496, 31.841
1422133419.37, -6.848, 2.510, 31.963
1422133419.47, -6.853, 2.496, 32.080
1422133419.57, -6.870, 2.543, 32.217
1422133419.67, -6.882, 2.540, 32.334
1422133419.77, -6.923, 2.562, 32.458
1422133419.87, -6.940, 2.558, 32.575
1422133419.97, -6.971, 2.582, 32.706
1422133420.07, -6.987, 2.578, 32.826
1422133420.17, -7.015, 2.607, 32.973
1422133420.27, -7.031, 2.604, 33.103
1422133420.38, -7.064, 2.632, 33.238
1422133420.48, -7.083, 2.634, 33.364
1422133420.58, -7.115, 2.659, 33.495
1422133420.68, -7.138, 2.669, 33.623
1422133420.78, -7.160, 2.678, 33.751
1422133420.88, -7.188, 2.700, 33.901
1422133420.98, -7.208, 2.689, 34.042
1422133421.08, -7.235, 2.677, 34.188
1422133421.18, -7.264, 2.685, 34.322
1422133421.28, -7.291, 2.673, 34.468
1422133421.38, -7.313, 2.711, 34.603
1422133421.48, -7.339, 2.699, 34.748
1422133421.59, -7.365, 2.744, 34.884
1422133421.69, -7.392, 2.739, 35.018
1422133421.79, -7.419, 2.734, 35.153
1422133421.89, -7.449, 2.777, 35.289
1422133421.99, -7.480, 2.816, 35.441
1422133422.09, -7.511, 2.819, 35.572
1422133422.19, -7.548, 2.841, 35.719
1422133422.29, -7.584, 2.842, 35.853
1422133422.39, -7.630, 2.864, 36.024
1422133422.49, -7.674, 2.855, 36.163
1422133422.59, -7.713, 2.858, 36.311
1422133422.7, -7.760, 2.848, 36.449
1422133422.8, -7.806, 2.881, 36.604
1422133422.9, -7.858, 2.879, 36.742
1422133423.0, -7.918, 2.895, 36.900
1422133423.1, -7.974, 2.885, 37.034
1422133423.2, -8.039, 2.925, 37.172
1422133423.3, -8.098, 2.918, 37.310
1422133423.4, -8.176, 2.952, 37.449
1422133423.5, -8.242, 2.942, 37.583
1422133423.6, -8.311, 2.976, 37.711
1422133423.7, -8.375, 2.961, 37.854
1422133423.8, -8.439, 2.989, 37.978
1422133423.91, -8.512, 2.975, 38.110
1422133424.01, -8.587, 2.960, 38.242
1422133424.11, -8.630, 3.000, 38.367
1422133424.21, -8.697, 2.983, 38.498
1422133424.31, -8.773, 3.018, 38.643
1422133424.41, -8.834, 3.064, 38.774
1422133424.51, -8.903, 3.050, 38.908
1422133424.61, -8.945, 3.077, 39.028
1422133424.71, -9.011, 3.068, 39.155
1422133424.81, -9.051, 3.101, 39.265
1422133424.91, -9.114, 3.084, 39.385
1422133425.02, -9.182, 3.121, 39.496
1422133425.12, -9.241, 3.117, 39.609
1422133425.22, -9.287, 3.086, 39.726
1422133425.32, -9.309, 3.103, 39.864
1422133425.42, -9.363, 3.104, 39.962
1422133425.52, -9.400, 3.171, 40.056
1422133425.62, -9.463, 3.182, 40.173
1422133425.72, -9.522, 3.180, 40.270
1422133425.82, -9.576, 3.170, 40.384
1422133425.92, -9.686, 3.172, 40.520
1422133426.02, -9.755, 3.156, 40.614
1422133426.12, -9.819, 3.173, 40.721
1422133426.23, -9.891, 3.227, 40.882
1422133426.33, -9.967, 3.234, 40.999
1422133426.43, -10.020, 3.231, 41.161
1422133426.53, -10.091, 3.224, 41.286
1422133426.63, -10.171, 3.243, 41.406
1422133426.73, -10.239, 3.239, 41.537
1422133426.83, -10.320, 3.262, 41.652
1422133426.93, -10.377, 3.225, 41.805
1422133427.03, -10.428, 3.236, 41.939
1422133427.13, -10.483, 3.249, 42.078
1422133427.23, -10.538, 3.261, 42.208
1422133427.33, -10.655, 3.289, 42.298
1422133427.44, -10.746, 3.288, 42.405
1422133427.54, -10.861, 3.304, 42.627
1422133427.64, -10.966, 3.309, 42.767
1422133427.74, -11.034, 3.329, 42.920
1422133427.84, -11.118, 3.317, 43.017
1422133427.94, -11.235, 3.306, 43.149
1422133428.04, -11.352, 3.341, 43.269
1422133428.14, -11.465, 3.361, 43.395
1422133428.24, -11.567, 3.409, 43.521
1422133428.34, -11.683, 3.416, 43.655
1422133428.44, -11.786, 3.417, 43.785
1422133428.55, -11.902, 3.406, 43.914
1422133428.65, -12.049, 3.426, 44.031
1422133428.75, -12.165, 3.419, 44.153
1422133428.85, -12.330, 3.442, 44.287
1422133428.95, -12.479, 3.436, 44.408
1422133429.05, -12.635, 3.430, 44.523
1422133429.15, -12.789, 3.449, 44.632
1422133429.25, -12.904, 3.470, 44.727
1422133429.35, -13.054, 3.471, 44.838
1422133429.45, -13.207, 3.472, 44.945
1422133429.55, -13.345, 3.495, 45.055
1422133429.65, -13.512, 3.506, 45.160
1422133429.76, -13.685, 3.499, 45.269
1422133429.86, -13.810, 3.515, 45.364
1422133429.96, -13.974, 3.505, 45.464
1422133430.06, -14.139, 3.495, 45.560
1422133430.16, -14.329, 3.507, 45.636
1422133430.26, -14.504, 3.542, 45.714
1422133430.36, -14.671, 3.542, 45.805
1422133430.46, -14.858, 3.547, 45.894
1422133430.56, -15.030, 3.590, 45.968
1422133430.66, -15.213, 3.594, 46.049
1422133430.76, -15.380, 3.590, 46.125
1422133430.87, -15.553, 3.602, 46.180
1422133430.97, -15.745, 3.599, 46.248
1422133431.07, -15.955, 3.603, 46.301
1422133431.17, -16.134, 3.606, 46.372
1422133431.27, -16.298, 3.594, 46.435
1422133431.37, -16.482, 3.617, 46.493
1422133431.47, -16.714, 3.634, 46.521
1422133431.57, -16.908, 3.632, 46.575
1422133431.67, -17.100, 3.637, 46.596
1422133431.77, -17.317, 3.623, 46.637
1422133431.87, -17.517, 3.639, 46.657
1422133431.97, -17.715, 3.624, 46.695
1422133432.08, -17.929, 3.611, 46.732
1422133432.18, -18.128, 3.644, 46.763
1422133432.28, -18.355, 3.664, 46.786
1422133432.38, -18.590, 3.647, 46.814
1422133432.48, -18.789, 3.653, 46.835
1422133432.58, -19.016, 3.634, 46.862
1422133432.68, -19.244, 3.616, 46.885
1422133432.78, -19.464, 3.636, 46.924
1422133432.88, -19.680, 3.678, 46.942
1422133432.98, -19.908, 3.674, 46.949
1422133433.08, -20.138, 3.664, 46.951
1422133433.18, -20.351, 3.692, 46.942
1422133433.29, -20.588, 3.695, 46.986
1422133433.39, -20.833, 3.699, 47.006
1422133433.49, -21.077, 3.694, 47.016
1422133433.59, -21.301, 3.721, 47.022
1422133433.69, -21.514, 3.723, 47.013
1422133433.79, -21.755, 3.714, 47.011
1422133433.89, -21.985, 3.751, 47.042
1422133433.99, -22.234, 3.745, 47.053
1422133434.09, -22.495, 3.769, 47.076
1422133434.19, -22.753, 3.764, 47.082
1422133434.29, -22.969, 3.786, 47.079
1422133434.4, -23.212, 3.775, 47.085
1422133434.5, -23.463, 3.790, 47.091
1422133434.6, -23.717, 3.783, 47.099
1422133434.7, -23.971, 3.800, 47.122
1422133434.8, -24.208, 3.807, 47.130
1422133434.9, -24.451, 3.848, 47.130
1422133435.0, -24.705, 3.838, 47.130
1422133435.1, -24.963, 3.831, 47.134
1422133435.2, -25.205, 3.842, 47.138
1422133435.3, -25.480, 3.849, 47.156
1422133435.4, -25.725, 3.886, 47.188
1422133435.5, -25.948, 3.929, 47.192
1422133435.61, -26.201, 3.918, 47.199
1422133435.71, -26.442, 3.924, 47.214
1422133435.81, -26.686, 3.946, 47.229
1422133435.91, -26.951, 3.939, 47.261
1422133436.01, -27.228, 3.972, 47.271
1422133436.11, -27.484, 4.005, 47.271
1422133436.21, -27.757, 4.002, 47.290
1422133436.31, -27.985, 4.019, 47.306
1422133436.41, -28.243, 4.012, 47.339
1422133436.51, -28.505, 4.007, 47.376
1422133436.61, -28.742, 4.063, 47.408
1422133436.71, -29.008, 4.108, 47.428
1422133436.82, -29.279, 4.094, 47.456
1422133436.92, -29.503, 4.117, 47.477
1422133437.02, -29.749, 4.103, 47.506
1422133437.12, -29.994, 4.089, 47.538
1422133437.22, -30.211, 4.117, 47.575
1422133437.32, -30.473, 4.154, 47.647
1422133437.42, -30.714, 4.150, 47.685
1422133437.52, -30.967, 4.173, 47.733
1422133437.62, -31.219, 4.173, 47.781
1422133437.72, -31.470, 4.171, 47.829
1422133437.82, -31.705, 4.214, 47.887
1422133437.93, -31.946, 4.218, 47.949
1422133438.03, -32.180, 4.244, 48.030
1422133438.13, -32.431, 4.262, 48.131
1422133438.23, -32.677, 4.257, 48.218
1422133438.33, -32.921, 4.252, 48.308
1422133438.43, -33.097, 4.307, 48.385
1422133438.53, -33.324, 4.335, 48.476
1422133438.63, -33.532, 4.423, 48.533
1422133438.73, -33.705, 4.464, 48.606
1422133438.83, -33.901, 4.477, 48.705
1422133438.93, -34.112, 4.494, 48.937
1422133439.03, -34.315, 4.513, 49.058
1422133439.14, -34.524, 4.501, 49.123
1422133439.24, -34.735, 4.524, 49.241
1422133439.34, -34.924, 4.573, 49.319
1422133439.44, -35.134, 4.615, 49.430
1422133439.54, -35.337, 4.649, 49.556
1422133439.64, -35.497, 4.701, 49.675
1422133439.74, -35.673, 4.729, 49.812
1422133439.84, -35.823, 4.743, 49.969
1422133439.94, -35.985, 4.763, 50.130
1422133440.04, -36.177, 4.777, 50.274
1422133440.14, -36.347, 4.806, 50.421
1422133440.24, -36.494, 4.835, 50.538
1422133440.35, -36.616, 4.870, 50.706
1422133440.45, -36.767, 4.883, 50.864
1422133440.55, -36.923, 4.908, 51.029
1422133440.65, -37.105, 4.974, 51.188
1422133440.75, -37.263, 4.991, 51.350
1422133440.85, -37.416, 5.025, 51.494
1422133440.95, -37.538, 5.083, 51.678
1422133441.05, -37.664, 5.116, 51.870
1422133441.15, -37.772, 5.143, 52.060
1422133441.25, -37.854, 5.196, 52.244
1422133441.35, -37.977, 5.246, 52.418
1422133441.46, -38.078, 5.283, 52.603
1422133441.56, -38.194, 5.322, 52.802
1422133441.66, -38.316, 5.337, 52.983
1422133441.76, -38.430, 5.364, 53.153
1422133441.86, -38.520, 5.390, 53.343
1422133441.96, -38.605, 5.435, 53.551
1422133442.06, -38.680, 5.477, 53.741
1422133442.16, -38.757, 5.534, 53.942
1422133442.26, -38.849, 5.573, 54.152
1422133442.36, -38.934, 5.610, 54.359
1422133442.46, -39.025, 5.644, 54.540
1422133442.56, -39.082, 5.686, 54.743
1422133442.67, -39.149, 5.720, 54.971
1422133442.77, -39.160, 5.749, 55.199
1422133442.87, -39.193, 5.778, 55.428
1422133442.97, -39.217, 5.809, 55.655
1422133443.07, -39.250, 5.868, 55.845
1422133443.17, -39.288, 5.901, 56.084
1422133443.27, -39.339, 5.934, 56.315
1422133443.37, -39.348, 5.941, 56.552
1422133443.47, -39.360, 5.982, 56.801
1422133443.57, -39.376, 6.016, 57.020
1422133443.67, -39.371, 6.052, 57.253
1422133443.78, -39.368, 6.096, 57.491
1422133443.88, -39.392, 6.162, 57.704
1422133443.98, -39.392, 6.191, 57.950
1422133444.08, -39.388, 6.219, 58.197
1422133444.18, -39.372, 6.277, 58.440
1422133444.28, -39.335, 6.292, 58.678
1422133444.38, -39.301, 6.309, 58.873
1422133444.48, -39.267, 6.328, 59.104
1422133444.58, -39.250, 6.358, 59.356
1422133444.68, -39.281, 6.432, 59.614
1422133444.78, -39.238, 6.469, 59.881
1422133444.88, -39.216, 6.494, 60.114
1422133444.99, -39.185, 6.549, 60.334
1422133445.09, -39.167, 6.579, 60.585
1422133445.19, -39.154, 6.615, 60.841
1422133445.29, -39.149, 6.658, 61.085
1422133445.39, -39.146, 6.681, 61.332
1422133445.49, -39.121, 6.698, 61.584
1422133445.59, -39.090, 6.718, 61.833
1422133445.69, -39.043, 6.747, 62.081
1422133445.79, -39.027, 6.813, 62.348
1422133445.89, -39.012, 6.850, 62.609
1422133445.99, -38.995, 6.868, 62.866
1422133446.09, -38.977, 6.909, 63.102
1422133446.2, -38.949, 6.934, 63.367
1422133446.3, -38.914, 6.979, 63.616
1422133446.4, -38.893, 6.999, 63.881
1422133446.5, -38.897, 7.034, 64.152
1422133446.6, -38.893, 7.081, 64.394
1422133446.7, -38.869, 7.103, 64.660
1422133446.8, -38.820, 7.142, 64.897
1422133446.9, -38.793, 7.174, 65.168
1422133447.0, -38.776, 7.202, 65.431
1422133447.1, -38.765, 7.231, 65.699
1422133447.2, -38.784, 7.284, 65.950
1422133447.31, -38.765, 7.313, 66.219
1422133447.41, -38.731, 7.341, 66.518
1422133447.51, -38.722, 7.364, 66.806
1422133447.61, -38.685, 7.409, 67.066
1422133447.71, -38.690, 7.447, 67.340
1422133447.81, -38.696, 7.481, 67.606
1422133447.91, -38.698, 7.524, 67.839
1422133448.01, -38.666, 7.556, 68.121
1422133448.11, -38.668, 7.587, 68.407
1422133448.21, -38.647, 7.623, 68.677
1422133448.31, -38.649, 7.644, 68.970
1422133448.41, -38.650, 7.667, 69.262
1422133448.52, -38.636, 7.707, 69.518
1422133448.62, -38.612, 7.734, 69.795
1422133448.72, -38.610, 7.753, 70.095
1422133448.82, -38.600, 7.801, 70.364
1422133448.92, -38.601, 7.831, 70.658
1422133449.02, -38.590, 7.894, 70.920
1422133449.12, -38.588, 7.929, 71.214
1422133449.22, -38.587, 7.953, 71.518
1422133449.32, -38.566, 7.966, 71.803
1422133449.42, -38.564, 7.993, 72.091
1422133449.52, -38.543, 8.030, 72.339
1422133449.63, -38.535, 8.057, 72.628
1422133449.73, -38.509, 8.126, 72.972
1422133449.83, -38.512, 8.148, 73.275
1422133449.93, -38.489, 8.158, 73.640
1422133450.03, -38.469, 8.189, 73.945
1422133450.13, -38.447, 8.225, 74.189
1422133450.23, -38.433, 8.257, 74.501
1422133450.33, -38.414, 8.300, 74.811
1422133450.43, -38.415, 8.296, 75.122
1422133450.53, -38.413, 8.314, 75.436
1422133450.63, -38.387, 8.348, 75.705
1422133450.73, -38.366, 8.369, 76.020
1422133450.84, -38.334, 8.410, 76.333
1422133450.94, -38.322, 8.431, 76.655
1422133451.04, -38.311, 8.464, 76.951
1422133451.14, -38.298, 8.480, 77.269
1422133451.24, -38.282, 8.533, 77.560
1422133451.34, -38.269, 8.557, 77.899
1422133451.44, -38.260, 8.590, 78.215
1422133451.54, -38.228, 8.642, 78.508
1422133451.64, -38.207, 8.673, 78.808
1422133451.74, -38.158, 8.695, 79.082
1422133451.84, -38.125, 8.715, 79.407
1422133451.94, -38.097, 8.738, 79.710
1422133452.05, -38.066, 8.761, 80.009
1422133452.15, -38.063, 8.801, 80.318
1422133452.25, -38.040, 8.863, 80.643
1422133452.35, -38.028, 8.884, 80.957
1422133452.45, -38.022, 8.899, 81.278
1422133452.55, -38.005, 8.933, 81.593
1422133452.65, -38.000, 8.973, 81.898
1422133452.75, -37.981, 9.052, 82.190
1422133452.85, -37.956, 9.075, 82.488
1422133452.95, -37.946, 9.112, 82.791
1422133453.05, -37.939, 9.150, 83.090
1422133453.16, -37.917, 9.193, 83.378
1422133453.26, -37.881, 9.235, 83.685
1422133453.36, -37.877, 9.279, 83.989
1422133453.46, -37.865, 9.318, 84.281
1422133453.56, -37.857, 9.356, 84.573
1422133453.66, -37.854, 9.392, 84.850
1422133453.76, -37.816, 9.425, 85.110
1422133453.86, -37.794, 9.490, 85.393
1422133453.96, -37.799, 9.533, 85.671
1422133454.06, -37.778, 9.569, 85.936
1422133454.16, -37.774, 9.609, 86.227
1422133454.26, -37.765, 9.647, 86.510
1422133454.37, -37.721, 9.679, 86.796
1422133454.47, -37.719, 9.742, 87.051
1422133454.57, -37.721, 9.779, 87.326
1422133454.67, -37.720, 9.815, 87.592
1422133454.77, -37.710, 9.872, 87.801
1422133454.87, -37.663, 9.922, 88.088
1422133454.97, -37.656, 9.976, 88.351
1422133455.07, -37.656, 10.033, 88.599
1422133455.17, -37.653, 10.078, 88.847
1422133455.27, -37.650, 10.111, 89.101
1422133455.37, -37.647, 10.116, 89.364
1422133455.48, -37.622, 10.161, 89.650
1422133455.58, -37.630, 10.195, 89.901
1422133455.68, -37.646, 10.218, 90.139
1422133455.78, -37.629, 10.295, 90.419
1422133455.88, -37.619, 10.323, 90.693
1422133455.98, -37.583, 10.376, 91.000
1422133456.08, -37.569, 10.434, 91.254
1422133456.18, -37.568, 10.470, 91.518
1422133456.28, -37.573, 10.510, 91.787
1422133456.38, -37.582, 10.584, 92.043
1422133456.48, -37.565, 10.627, 92.294
1422133456.58, -37.568, 10.663, 92.580
1422133456.69, -37.566, 10.710, 92.869
1422133456.79, -37.538, 10.768, 93.144
1422133456.89, -37.537, 10.806, 93.421
1422133456.99, -37.537, 10.855, 93.649
1422133457.09, -37.537, 10.883, 93.930
1422133457.19, -37.515, 10.921, 94.188
1422133457.29, -37.489, 10.991, 94.425
1422133457.39, -37.487, 11.028, 94.689
1422133457.49, -37.484, 11.073, 94.951
1422133457.59, -37.485, 11.123, 95.227
1422133457.69, -37.459, 11.166, 95.513
1422133457.79, -37.462, 11.201, 95.797
1422133457.9, -37.464, 11.230, 96.079
1422133458.0, -37.448, 11.302, 96.337
1422133458.1, -37.430, 11.370, 96.606
1422133458.2, -37.417, 11.400, 96.874
1422133458.3, -37.409, 11.429, 97.147
1422133458.4, -37.382, 11.474, 97.411
1422133458.5, -37.371, 11.559, 97.659
1422133458.6, -37.367, 11.593, 97.926
1422133458.7, -37.361, 11.645, 98.210
1422133458.8, -37.352, 11.680, 98.480
1422133458.9, -37.321, 11.742, 98.762
1422133459.01, -37.314, 11.776, 99.038
1422133459.11, -37.311, 11.803, 99.276
1422133459.21, -37.304, 11.874, 99.515
1422133459.31, -37.292, 11.905, 99.788
1422133459.41, -37.263, 11.949, 100.113
1422133459.51, -37.256, 11.979, 100.378
1422133459.61, -37.216, 12.057, 100.646
1422133459.71, -37.217, 12.116, 100.911
1422133459.81, -37.202, 12.148, 101.157
1422133459.91, -37.183, 12.202, 101.447
1422133460.01, -37.167, 12.226, 101.707
1422133460.11, -37.156, 12.289, 101.995
1422133460.22, -37.145, 12.320, 102.262
1422133460.32, -37.136, 12.384, 102.552
1422133460.42, -37.122, 12.402, 102.829
1422133460.52, -37.114, 12.485, 103.132
1422133460.62, -37.069, 12.548, 103.483
1422133460.72, -37.036, 12.614, 103.792
1422133460.82, -37.035, 12.658, 104.077
1422133460.92, -37.051, 12.716, 104.327
1422133461.02, -37.042, 12.757, 104.629
1422133461.12, -37.022, 12.779, 104.957
1422133461.22, -37.020, 12.839, 105.176
1422133461.32, -36.993, 12.887, 105.422
1422133461.43, -36.997, 12.923, 105.707
1422133461.53, -36.979, 12.991, 106.014
1422133461.63, -36.975, 13.038, 106.315
1422133461.73, -36.973, 13.076, 106.613
1422133461.83, -36.965, 13.112, 106.872
1422133461.93, -36.977, 13.177, 107.122
1422133462.03, -36.972, 13.206, 107.402
1422133462.13, -36.970, 13.248, 107.703
1422133462.23, -36.957, 13.307, 108.003
1422133462.33, -36.971, 13.339, 108.316
1422133462.43, -36.976, 13.403, 108.588
1422133462.54, -36.991, 13.447, 108.875
1422133462.64, -37.010, 13.483, 109.125
1422133462.74, -37.025, 13.516, 109.432
1422133462.84, -37.018, 13.548, 109.727
1422133462.94, -37.042, 13.590, 110.014
1422133463.04, -37.053, 13.637, 110.303
1422133463.14, -37.086, 13.673, 110.629
1422133463.24, -37.104, 13.713, 110.900
1422133463.34, -37.138, 13.753, 111.210
1422133463.44, -37.163, 13.800, 111.476
1422133463.54, -37.184, 13.849, 111.743
1422133463.64, -37.218, 13.859, 112.050
1422133463.75, -37.245, 13.887, 112.354
1422133463.85, -37.238, 13.950, 112.617
1422133463.95, -37.271, 13.987, 112.915
1422133464.05, -37.291, 14.067, 113.174
1422133464.15, -37.332, 14.090, 113.461
1422133464.25, -37.380, 14.115, 113.714
1422133464.35, -37.410, 14.147, 113.991
1422133464.45, -37.440, 14.196, 114.257
1422133464.55, -37.495, 14.237, 114.523
1422133464.65, -37.529, 14.258, 114.818
1422133464.75, -37.570, 14.279, 115.111
1422133464.85, -37.584, 14.357, 115.401
1422133464.96, -37.625, 14.363, 115.691
1422133465.06, -37.659, 14.415, 115.914
1422133465.16, -37.720, 14.428, 116.204
1422133465.26, -37.744, 14.509, 116.422
1422133465.36, -37.790, 14.546, 116.661
1422133465.46, -37.790, 14.613, 116.864
1422133465.56, -37.758, 14.645, 117.119
1422133465.66, -37.779, 14.668, 117.364
1422133465.76, -37.819, 14.671, 117.579
1422133465.86, -37.847, 14.694, 117.814
1422133465.96, -37.864, 14.740, 118.057
1422133466.07, -37.892, 14.750, 118.299
1422133466.17, -37.921, 14.778, 118.548
1422133466.27, -37.928, 14.864, 118.755
1422133466.37, -37.947, 14.886, 118.975
1422133466.47, -37.948, 14.932, 119.212
1422133466.57, -37.948, 14.990, 119.445
1422133466.67, -37.962, 15.019, 119.664
1422133466.77, -37.974, 15.044, 119.888
1422133466.87, -37.974, 15.098, 120.114
1422133466.97, -37.982, 15.155, 120.355
1422133467.07, -37.985, 15.193, 120.587
1422133467.17, -37.990, 15.225, 120.814
1422133467.28, -37.983, 15.276, 121.027
1422133467.38, -37.979, 15.312, 121.255
1422133467.48, -37.980, 15.345, 121.483
1422133467.58, -37.977, 15.400, 121.689
1422133467.68, -37.983, 15.425, 121.916
1422133467.78, -37.973, 15.449, 122.148
1422133467.88, -37.958, 15.480, 122.385
1422133467.98, -37.933, 15.527, 122.586
1422133468.08, -37.920, 15.551, 122.806
1422133468.18, -37.921, 15.609, 123.037
1422133468.28, -37.920, 15.627, 123.265
1422133468.39, -37.922, 15.635, 123.495
1422133468.49, -37.919, 15.696, 123.711
1422133468.59, -37.907, 15.706, 123.918
1422133468.69, -37.894, 15.761, 124.121
1422133468.79, -37.873, 15.767, 124.323
1422133468.89, -37.836, 15.850, 124.502
1422133468.99, -37.828, 15.887, 124.682
1422133469.09, -37.841, 15.942, 124.832
1422133469.19, -37.847, 15.960, 125.007
1422133469.29, -37.873, 15.984, 125.166
1422133469.39, -37.863, 16.015, 125.310
1422133469.49, -37.863, 16.035, 125.468
1422133469.6, -37.860, 16.044, 125.613
1422133469.7, -37.837, 16.055, 125.741
1422133469.8, -37.839, 16.100, 125.866
1422133469.9, -37.845, 16.097, 126.000
1422133470.0, -37.840, 16.144, 126.112
1422133470.1, -37.843, 16.144, 126.238
1422133470.2, -37.837, 16.144, 126.352
1422133470.3, -37.828, 16.183, 126.453
1422133470.4, -37.822, 16.222, 126.550
1422133470.5, -37.818, 16.224, 126.664
1422133470.6, -37.822, 16.228, 126.753
1422133470.7, -37.834, 16.262, 126.795
1422133470.81, -37.831, 16.285, 126.871
1422133470.91, -37.826, 16.294, 126.952
1422133471.01, -37.828, 16.295, 127.033
1422133471.11, -37.824, 16.320, 127.107
1422133471.21, -37.833, 16.325, 127.190
1422133471.31, -37.832, 16.356, 127.268
1422133471.41, -37.835, 16.361, 127.348
1422133471.51, -37.824, 16.377, 127.413
1422133471.61, -37.825, 16.389, 127.488
1422133471.71, -37.816, 16.409, 127.550
1422133471.81, -37.815, 16.421, 127.608
1422133471.92, -37.817, 16.432, 127.664
1422133472.02, -37.811, 16.439, 127.675
1422133472.12, -37.814, 16.444, 127.710
1422133472.22, -37.808, 16.435, 127.689
1422133472.32, -37.813, 16.430, 127.704
1422133472.42, -37.815, 16.420, 127.709
1422133472.52, -37.811, 16.411, 127.651
1422133472.62, -37.797, 16.421, 127.591
1422133472.72, -37.802, 16.433, 127.578
1422133472.82, -37.806, 16.433, 127.576
1422133472.92, -37.824, 16.433, 127.584
1422133473.02, -37.828, 16.426, 127.594
1422133473.13, -37.825, 16.426, 127.613
1422133473.23, -37.816, 16.424, 127.619
1422133473.33, -37.810, 16.400, 127.626
1422133473.43, -37.810, 16.377, 127.637
1422133473.53, -37.807, 16.373, 127.602
1422133473.63, -37.817, 16.397, 127.599
1422133473.73, -37.825, 16.395, 127.603
1422133473.83, -37.833, 16.393, 127.608
1422133473.93, -37.840, 16.427, 127.608
1422133474.03, -37.848, 16.426, 127.624
1422133474.13, -37.839, 16.419, 127.623
1422133474.24, -37.844, 16.401, 127.628
1422133474.34, -37.836, 16.383, 127.616
1422133474.44, -37.834, 16.378, 127.614
1422133474.54, -37.823, 16.403, 127.603
1422133474.64, -37.821, 16.390, 127.610
1422133474.74, -37.825, 16.402, 127.617
1422133474.84, -37.831, 16.417, 127.610
1422133474.94, -37.833, 16.415, 127.613
1422133475.04, -37.825, 16.424, 127.591
1422133475.14, -37.825, 16.417, 127.582
1422133475.24, -37.825, 16.399, 127.600
1422133475.34, -37.827, 16.398, 127.590
1422133475.45, -37.833, 16.391, 127.581
1422133475.55, -37.832, 16.416, 127.571
1422133475.65, -37.826, 16.404, 127.584
1422133475.75, -37.831, 16.389, 127.581
1422133475.85, -37.834, 16.414, 127.594
1422133475.95, -37.841, 16.406, 127.586
1422133476.05, -37.831, 16.431, 127.592
