0, 23902, 23902
0, 23858, 23858
0, 23868, 23868
0, 23853, 23853
0, 22618, 22618
0, 22689, 22689
0, 22582, 22582
0, 22518, 22518
0, 23145, 23145
0, 23890, 23890
0, 23906, 23906
0, 23895, 23895
0, 23824, 23824
0, 23857, 23857
0, 23931, 23931
0, 23924, 23924
0, 23899, 23899
0, 23925, 23925
0, 23881, 23881
0, 23893, 23893
0, 23871, 23871
0, 23865, 23865
0, 23882, 23882
0, 22818, 22818
0, 22647, 22647
0, 22666, 22666
0, 22549, 22549
0, 22788, 22788
0, 23777, 23777
0, 23887, 23887
0, 23848, 23848
0, 23830, 23830
0, 23886, 23886
0, 23869, 23869
0, 23874, 23874
0, 23866, 23866
0, 23883, 23883
0, 23888, 23888
0, 23903, 23903
0, 23911, 23911
0, 23874, 23874
0, 23851, 23851
0, 23870, 23870
0, 23270, 23270
0, 22796, 22796
0, 22626, 22626
0, 22614, 22614
0, 23305, 23305
0, 23927, 23927
0, 23900, 23900
0, 23896, 23896
0, 23809, 23809
0, 23826, 23826
0, 23872, 23872
0, 23882, 23882
0, 23890, 23890
0, 23856, 23856
0, 23882, 23882
0, 23901, 23901
0, 23897, 23897
0, 23910, 23910
0, 22628, 22628
0, 23897, 23897
0, 23919, 23919
0, 23974, 23974
0, 22780, 22780
0, 23860, 23860
0, 23963, 23963
0, 23921, 23921
0, 22836, 22836
0, 23979, 23979
0, 23974, 23974
0, 23913, 23913
0, 23885, 23885
0, 23859, 23859
0, 23842, 23842
0, 23904, 23904
0, 23271, 23271
0, 22636, 22636
0, 22824, 22824
0, 22612, 22612
0, 22659, 22659
0, 23324, 23324
0, 23918, 23918
0, 23904, 23904
0, 23926, 23926
0, 23885, 23885
0, 23841, 23841
0, 23930, 23930
0, 23950, 23950
0, 23942, 23942
0, 23909, 23909
0, 23939, 23939
0, 23906, 23906
0, 23939, 23939
0, 23878, 23878
0, 23914, 23914
0, 23507, 23507
0, 22566, 22566
0, 22752, 22752
0, 22589, 22589
0, 22631, 22631
0, 23524, 23524
0, 23964, 23964
0, 23876, 23876
0, 23908, 23908
0, 23965, 23965
0, 23999, 23999
0, 23970, 23970
0, 23993, 23993
0, 23984, 23984
0, 24018, 24018
0, 23959, 23959
0, 23984, 23984
0, 23919, 23919
0, 23964, 23964
0, 23703, 23703
0, 22629, 22629
0, 22618, 22618
0, 22643, 22643
0, 23446, 23446
0, 23972, 23972
0, 23911, 23911
0, 23906, 23906
0, 23863, 23863
0, 23898, 23898
0, 23880, 23880
0, 23856, 23856
0, 23902, 23902
0, 23901, 23901
0, 23914, 23914
0, 23916, 23916
0, 23913, 23913
0, 23883, 23883
0, 23911, 23911
0, 22983, 22983
0, 22678, 22678
0, 22788, 22788
0, 22616, 22616
0, 22826, 22826
0, 23721, 23721
0, 23957, 23957
0, 23931, 23931
0, 23853, 23853
0, 23862, 23862
0, 23905, 23905
0, 23911, 23911
0, 23919, 23919
0, 23961, 23961
0, 23946, 23946
0, 23969, 23969
0, 23959, 23959
0, 23967, 23967
0, 23889, 23889
0, 23884, 23884
0, 23758, 23758
0, 22718, 22718
0, 22809, 22809
0, 22682, 22682
0, 22639, 22639
0, 22987, 22987
0, 23861, 23861
0, 23912, 23912
0, 23891, 23891
0, 23814, 23814
0, 23948, 23948
0, 23938, 23938
0, 23954, 23954
0, 23922, 23922
0, 23937, 23937
0, 23914, 23914
0, 23917, 23917
0, 23913, 23913
0, 23918, 23918
0, 23855, 23855
0, 23890, 23890
0, 23527, 23527
0, 22630, 22630
0, 22667, 22667
0, 22654, 22654
0, 23388, 23388
0, 23982, 23982
0, 23954, 23954
0, 23942, 23942
0, 23889, 23889
0, 23917, 23917
0, 23961, 23961
0, 23953, 23953
0, 23971, 23971
0, 23990, 23990
0, 23986, 23986
0, 23970, 23970
0, 24006, 24006
0, 23862, 23862
0, 23970, 23970
0, 23152, 23152
0, 22636, 22636
0, 22781, 22781
0, 22597, 22597
0, 22880, 22880
0, 23826, 23826
0, 23983, 23983
0, 23980, 23980
0, 23907, 23907
0, 23867, 23867
0, 23956, 23956
0, 23965, 23965
0, 24012, 24012
0, 23973, 23973
0, 24004, 24004
0, 24010, 24010
0, 23985, 23985
0, 23928, 23928
0, 23955, 23955
0, 23860, 23860
0, 22737, 22737
0, 22813, 22813
0, 22714, 22714
0, 22610, 22610
0, 23151, 23151
0, 23971, 23971
0, 23996, 23996
0, 23976, 23976
0, 23890, 23890
0, 23948, 23948
0, 23919, 23919
0, 23911, 23911
0, 23918, 23918
0, 23903, 23903
0, 23918, 23918
0, 23909, 23909
0, 23966, 23966
0, 23903, 23903
0, 23877, 23877
0, 23895, 23895
0, 22823, 22823
0, 22716, 22716
0, 22716, 22716
0, 22895, 22895
0, 23820, 23820
0, 23992, 23992
0, 23900, 23900
0, 23914, 23914
0, 23896, 23896
0, 23917, 23917
0, 23925, 23925
0, 23974, 23974
0, 23953, 23953
0, 23932, 23932
0, 23980, 23980
0, 23893, 23893
0, 23940, 23940
0, 23886, 23886
0, 23940, 23940
0, 22977, 22977
0, 22645, 22645
0, 22730, 22730
0, 22617, 22617
0, 22885, 22885
0, 23836, 23836
0, 23950, 23950
0, 23917, 23917
0, 23900, 23900
0, 23859, 23859
0, 23999, 23999
0, 23958, 23958
0, 23958, 23958
0, 23932, 23932
0, 23919, 23919
0, 23980, 23980
0, 23949, 23949
0, 23858, 23858
0, 23932, 23932
0, 23530, 23530
0, 22596, 22596
0, 22795, 22795
0, 22585, 22585
0, 22603, 22603
0, 23427, 23427
0, 23888, 23888
0, 23929, 23929
0, 23912, 23912
0, 23830, 23830
0, 23956, 23956
0, 23932, 23932
0, 23896, 23896
0, 23917, 23917
0, 23888, 23888
0, 23883, 23883
0, 23903, 23903
0, 23926, 23926
0, 23836, 23836
0, 23906, 23906
0, 23355, 23355
0, 22608, 22608
0, 22781, 22781
0, 22595, 22595
0, 22690, 22690
0, 23920, 23920
0, 23897, 23897
0, 23888, 23888
0, 23855, 23855
0, 23893, 23893
0, 23951, 23951
0, 23937, 23937
0, 23966, 23966
0, 23950, 23950
0, 23934, 23934
0, 23909, 23909
0, 23948, 23948
0, 23894, 23894
0, 23794, 23794
0, 23838, 23838
0, 22628, 22628
0, 22783, 22783
0, 22657, 22657
0, 22597, 22597
0, 23156, 23156
0, 23888, 23888
0, 23926, 23926
0, 23924, 23924
0, 23855, 23855
0, 23848, 23848
0, 23908, 23908
0, 23933, 23933
0, 23948, 23948
0, 23948, 23948
0, 23964, 23964
0, 23922, 23922
0, 23950, 23950
0, 23904, 23904
0, 23920, 23920
0, 23834, 23834
0, 22697, 22697
0, 22755, 22755
0, 22705, 22705
0, 22648, 22648
0, 23098, 23098
0, 23974, 23974
0, 23995, 23995
0, 23987, 23987
0, 23911, 23911
0, 23893, 23893
0, 23967, 23967
0, 23956, 23956
0, 23993, 23993
0, 23970, 23970
0, 23975, 23975
0, 23966, 23966
0, 23983, 23983
0, 23941, 23941
0, 23964, 23964
0, 23506, 23506
0, 22701, 22701
0, 22863, 22863
0, 22665, 22665
0, 22724, 22724
0, 23569, 23569
0, 23944, 23944
0, 23958, 23958
0, 23893, 23893
0, 23913, 23913
0, 23930, 23930
0, 23974, 23974
0, 23933, 23933
0, 23975, 23975
0, 23901, 23901
0, 23916, 23916
0, 23901, 23901
0, 23948, 23948
0, 23900, 23900
0, 23947, 23947
0, 23235, 23235
0, 22841, 22841
0, 22643, 22643
0, 22762, 22762
0, 23608, 23608
0, 23986, 23986
0, 23991, 23991
0, 23937, 23937
0, 23863, 23863
0, 23966, 23966
0, 23980, 23980
0, 23984, 23984
0, 23944, 23944
0, 23968, 23968
0, 23975, 23975
0, 23899, 23899
0, 23946, 23946
0, 23903, 23903
0, 23934, 23934
0, 23390, 23390
0, 22676, 22676
0, 22862, 22862
0, 22667, 22667
0, 22694, 22694
0, 23559, 23559
0, 23994, 23994
0, 24003, 24003
0, 23955, 23955
0, 23924, 23924
0, 23904, 23904
0, 23995, 23995
0, 23962, 23962
0, 23971, 23971
0, 23975, 23975
0, 23966, 23966
0, 23949, 23949
0, 23987, 23987
0, 23973, 23973
0, 23956, 23956
0, 23505, 23505
0, 22718, 22718
0, 22897, 22897
0, 22721, 22721
0, 22745, 22745
0, 23603, 23603
0, 24046, 24046
0, 24013, 24013
0, 23955, 23955
0, 23988, 23988
0, 24031, 24031
0, 24028, 24028
0, 24038, 24038
0, 24064, 24064
0, 24034, 24034
0, 24026, 24026
0, 24043, 24043
0, 23991, 23991
0, 23995, 23995
0, 24030, 24030
0, 23299, 23299
0, 22729, 22729
0, 22719, 22719
0, 22858, 22858
0, 23782, 23782
0, 24029, 24029
0, 24039, 24039
0, 24004, 24004
0, 23991, 23991
0, 24039, 24039
0, 24047, 24047
0, 24037, 24037
0, 24069, 24069
0, 24069, 24069
0, 24028, 24028
0, 24016, 24016
0, 23990, 23990
0, 23984, 23984
0, 23972, 23972
0, 23176, 23176
0, 22727, 22727
0, 22877, 22877
0, 22735, 22735
0, 22882, 22882
0, 23803, 23803
0, 24027, 24027
0, 24048, 24048
0, 24020, 24020
0, 23967, 23967
0, 24020, 24020
0, 24003, 24003
0, 24066, 24066
0, 24022, 24022
0, 24060, 24060
0, 24044, 24044
0, 24016, 24016
0, 24005, 24005
0, 23935, 23935
0, 23937, 23937
0, 23346, 23346
0, 22695, 22695
0, 22902, 22902
0, 22711, 22711
0, 22796, 22796
0, 23651, 23651
0, 24046, 24046
0, 24034, 24034
0, 23904, 23904
0, 23960, 23960
0, 23840, 23840
0, 23502, 23502
0, 23679, 23679
0, 23932, 23932
0, 23996, 23996
0, 23995, 23995
0, 22627, 22627
0, 23923, 23923
0, 23979, 23979
0, 24012, 24012
0, 22942, 22942
0, 23980, 23980
0, 23923, 23923
0, 23999, 23999
0, 24003, 24003
0, 24062, 24062
0, 24059, 24059
0, 24040, 24040
0, 24035, 24035
0, 24014, 24014
0, 24070, 24070
0, 24016, 24016
0, 23996, 23996
0, 24033, 24033
0, 23606, 23606
0, 22758, 22758
0, 22956, 22956
0, 22792, 22792
0, 23552, 23552
0, 24057, 24057
0, 24074, 24074
0, 24043, 24043
0, 23942, 23942
0, 24008, 24008
0, 24003, 24003
0, 24089, 24089
0, 24046, 24046
0, 24007, 24007
0, 24023, 24023
0, 24020, 24020
0, 24051, 24051
0, 24035, 24035
0, 24031, 24031
0, 23485, 23485
0, 22681, 22681
0, 22933, 22933
0, 22742, 22742
0, 22756, 22756
0, 23655, 23655
0, 23991, 23991
0, 24074, 24074
0, 24001, 24001
0, 23941, 23941
0, 23968, 23968
0, 23957, 23957
0, 24047, 24047
0, 24035, 24035
0, 24012, 24012
0, 24053, 24053
0, 24044, 24044
0, 24047, 24047
0, 23979, 23979
0, 24052, 24052
0, 23713, 23713
0, 22746, 22746
0, 22996, 22996
0, 22783, 22783
0, 22830, 22830
0, 23510, 23510
0, 24111, 24111
0, 24101, 24101
0, 24112, 24112
0, 24067, 24067
0, 24164, 24164
0, 24130, 24130
0, 24135, 24135
0, 24091, 24091
0, 24120, 24120
0, 24104, 24104
0, 24108, 24108
0, 24089, 24089
0, 24034, 24034
0, 24100, 24100
0, 23750, 23750
0, 22777, 22777
0, 22953, 22953
0, 22766, 22766
0, 23651, 23651
0, 24096, 24096
0, 24082, 24082
0, 24061, 24061
0, 24017, 24017
0, 24083, 24083
0, 24069, 24069
0, 24075, 24075
0, 24095, 24095
0, 24054, 24054
0, 24098, 24098
0, 24089, 24089
0, 24099, 24099
0, 24027, 24027
0, 24105, 24105
0, 22915, 22915
0, 22885, 22885
0, 22852, 22852
0, 22771, 22771
0, 23201, 23201
0, 24048, 24048
0, 24126, 24126
0, 24099, 24099
0, 24049, 24049
0, 24004, 24004
0, 24107, 24107
0, 24065, 24065
0, 24138, 24138
0, 24118, 24118
0, 24096, 24096
0, 24095, 24095
0, 24105, 24105
0, 24061, 24061
0, 24034, 24034
0, 23672, 23672
0, 22805, 22805
0, 22989, 22989
0, 22832, 22832
0, 22843, 22843
0, 23680, 23680
0, 24121, 24121
0, 24121, 24121
0, 24108, 24108
0, 24075, 24075
0, 24125, 24125
0, 24165, 24165
0, 24126, 24126
0, 24143, 24143
0, 24072, 24072
0, 24099, 24099
0, 24089, 24089
0, 24083, 24083
0, 23999, 23999
0, 24026, 24026
0, 23517, 23517
0, 22744, 22744
0, 22959, 22959
0, 22696, 22696
0, 22809, 22809
0, 23653, 23653
0, 24072, 24072
0, 24035, 24035
0, 23992, 23992
0, 24028, 24028
0, 24046, 24046
0, 24085, 24085
0, 24080, 24080
0, 24139, 24139
0, 24068, 24068
0, 24082, 24082
0, 24071, 24071
0, 24063, 24063
0, 24046, 24046
0, 24055, 24055
0, 23659, 23659
0, 22996, 22996
0, 22808, 22808
0, 22796, 22796
0, 23526, 23526
0, 24090, 24090
0, 24117, 24117
0, 24103, 24103
0, 24032, 24032
0, 24025, 24025
0, 24075, 24075
0, 24076, 24076
0, 24126, 24126
0, 24092, 24092
0, 24121, 24121
0, 24092, 24092
0, 24101, 24101
0, 24017, 24017
0, 24077, 24077
0, 23773, 23773
0, 22775, 22775
0, 22952, 22952
0, 22801, 22801
0, 22778, 22778
0, 23506, 23506
0, 24096, 24096
0, 24118, 24118
0, 24071, 24071
0, 24056, 24056
0, 24032, 24032
0, 24104, 24104
0, 24053, 24053
0, 24046, 24046
0, 24078, 24078
0, 24048, 24048
0, 24066, 24066
0, 24094, 24094
0, 23980, 23980
0, 24058, 24058
0, 23605, 23605
0, 22758, 22758
0, 22951, 22951
0, 22787, 22787
0, 22805, 22805
0, 23592, 23592
0, 24071, 24071
0, 24050, 24050
0, 24012, 24012
0, 24003, 24003
0, 24079, 24079
0, 24057, 24057
0, 24109, 24109
0, 24083, 24083
0, 24086, 24086
0, 24090, 24090
0, 24057, 24057
0, 24103, 24103
0, 24005, 24005
0, 24106, 24106
0, 23966, 23966
0, 22876, 22876
0, 22883, 22883
0, 22802, 22802
0, 23226, 23226
0, 24052, 24052
0, 24110, 24110
0, 24095, 24095
0, 24013, 24013
0, 24019, 24019
0, 24079, 24079
0, 24056, 24056
0, 24118, 24118
0, 24142, 24142
0, 24105, 24105
0, 24132, 24132
0, 24122, 24122
0, 24023, 24023
0, 22767, 22767
0, 23967, 23967
0, 24052, 24052
0, 24075, 24075
0, 22784, 22784
0, 24087, 24087
0, 24097, 24097
0, 24189, 24189
0, 24047, 24047
0, 22783, 22783
0, 24062, 24062
0, 24038, 24038
0, 24077, 24077
0, 22929, 22929
0, 24116, 24116
0, 24177, 24177
0, 24163, 24163
0, 24108, 24108
0, 24095, 24095
0, 24141, 24141
0, 23112, 23112
0, 22881, 22881
0, 22998, 22998
0, 22822, 22822
0, 23107, 23107
0, 24065, 24065
0, 24147, 24147
0, 24141, 24141
0, 24070, 24070
0, 24074, 24074
0, 24170, 24170
0, 24151, 24151
0, 24166, 24166
0, 24143, 24143
0, 24152, 24152
0, 24165, 24165
0, 24155, 24155
0, 24102, 24102
0, 24134, 24134
0, 23993, 23993
0, 22866, 22866
0, 22986, 22986
0, 22894, 22894
0, 22844, 22844
0, 23411, 23411
0, 24138, 24138
0, 24179, 24179
0, 24120, 24120
0, 24065, 24065
0, 24176, 24176
