1317354879232045000, 126957
1317354879336300000, 127059
1317354879440555000, 127196
1317354879544786000, 127199
1317354879649015000, 127143
1317354879753268000, 127000
1317354879857522000, 126988
1317354879961802000, 127071
1317354880066081000, 126990
1317354880170336000, 126881
1317354880274591000, 126925
1317354880378847000, 126803
1317354880483101000, 126679
1317354880587355000, 126558
1317354880691610000, 126462
1317354880795864000, 126354
1317354880900118000, 126130
1317354881004373000, 126299
1317354881108603000, 126218
1317354881212835000, 126225
1317354881317115000, 126316
1317354881421394000, 126213
1317354881525649000, 126403
1317354881629903000, 126495
1317354881734157000, 126565
1317354881838412000, 126664
1317354881942655000, 126780
1317354882046885000, 126817
1317354882151128000, 126908
1317354882255359000, 127026
1317354882359591000, 127146
1317354882463822000, 127161
1317354882568028000, 127265
1317354882672234000, 127336
1317354882776417000, 127352
1317354882880601000, 127362
1317354882984808000, 127277
1317354883089012000, 127215
1317354883193219000, 127062
1317354883297427000, 126843
1317354883401634000, 126363
1317354883505843000, 125999
1317354883610049000, 125349
1317354883714230000, 124560
1317354883818413000, 124070
1317354883922598000, 123175
1317354884026756000, 122344
1317354884130933000, 121988
1317354884235118000, 121560
1317354884339279000, 121896
1317354884443464000, 122108
1317354884547668000, 122226
1317354884651874000, 121973
1317354884756080000, 121808
1317354884860288000, 121698
1317354884964518000, 122085
1317354885068748000, 122592
1317354885172955000, 122954
1317354885277133000, 122886
1317354885381342000, 122619
1317354885485576000, 122403
1317354885589782000, 122375
1317354885693990000, 123062
1317354885798171000, 123403
1317354885902354000, 123451
1317354886006558000, 123205
1317354886110739000, 122627
1317354886214903000, 122189
1317354886319087000, 121943
1317354886423268000, 121618
1317354886527427000, 121141
1317354886631584000, 120967
1317354886735742000, 121030
1317354886839927000, 120752
1317354886944110000, 120548
1317354887048269000, 120084
1317354887152427000, 120459
1317354887256587000, 120643
1317354887360745000, 120733
1317354887464900000, 120847
1317354887569058000, 121005
1317354887673218000, 121108
1317354887777377000, 121460
1317354887881513000, 122041
1317354887985647000, 122306
1317354888089807000, 122833
1317354888193943000, 123156
1317354888298078000, 123401
1317354888402212000, 123471
1317354888506346000, 123890
1317354888610505000, 124047
1317354888714671000, 124174
1317354888818805000, 124533
1317354888922933000, 124896
1317354889027069000, 125144
1317354889131202000, 125526
1317354889235336000, 125765
1317354889339472000, 126024
1317354889443631000, 126152
1317354889547789000, 126274
1317354889651947000, 126336
1317354889756106000, 126493
1317354889860289000, 126676
1317354889964470000, 126688
1317354890068653000, 126804
1317354890172861000, 126774
1317354890277069000, 126817
1317354890381274000, 126969
1317354890485506000, 126992
1317354890589787000, 127059
1317354890694112000, 127085
1317354890798437000, 127055
1317354890902773000, 127120
1317354891007124000, 127161
1317354891111467000, 127182
1317354891215840000, 127159
1317354891320264000, 127217
1317354891424711000, 127227
1317354891529181000, 127174
1317354891633676000, 127267
1317354891738194000, 127336
1317354891842760000, 127479
1317354891947328000, 127453
1317354892051870000, 127435
1317354892156388000, 127325
1317354892260908000, 127342
1317354892365426000, 127332
1317354892469920000, 127208
1317354892574392000, 127071
1317354892678839000, 127001
1317354892783262000, 126905
1317354892887660000, 126779
1317354892992036000, 126734
1317354893096385000, 126714
1317354893200758000, 126667
1317354893305135000, 126530
1317354893409487000, 126489
1317354893513813000, 126347
1317354893618140000, 126415
1317354893722466000, 126253
1317354893826792000, 126163
1317354893931119000, 126195
1317354894035423000, 126275
1317354894139712000, 126510
1317354894243943000, 126720
1317354894348115000, 126710
1317354894452227000, 126762
1317354894556241000, 126755
1317354894660183000, 126646
1317354894764101000, 126536
1317354894868018000, 126257
1317354894971939000, 125767
1317354895075883000, 125586
1317354895179825000, 125486
1317354895283743000, 125217
1317354895387636000, 125057
1317354895491506000, 124866
1317354895595354000, 124576
1317354895699153000, 124028
1317354895802953000, 124186
1317354895906774000, 124547
1317354896010645000, 125218
1317354896114564000, 125543
1317354896218507000, 125758
1317354896322499000, 125915
1317354896426516000, 125934
1317354896530553000, 125938
1317354896634636000, 125970
1317354896738749000, 125647
1317354896842861000, 125475
1317354896946972000, 125404
1317354897051105000, 125137
1317354897155264000, 124843
1317354897259400000, 124767
1317354897363534000, 124903
1317354897467693000, 124828
1317354897571851000, 124787
1317354897675986000, 124454
1317354897780144000, 124440
1317354897884330000, 124528
1317354897988487000, 124426
1317354898092642000, 124363
1317354898196826000, 124447
1317354898301007000, 124564
1317354898405189000, 124954
1317354898509375000, 125279
1317354898613555000, 125391
1317354898717755000, 125577
1317354898821992000, 125677
1317354898926245000, 125656
1317354899030491000, 125813
1317354899134756000, 125738
1317354899238985000, 125699
1317354899343215000, 125768
1317354899447481000, 125951
1317354899551749000, 126251
1317354899656030000, 126426
1317354899760289000, 126513
1317354899864532000, 126526
1317354899968785000, 126608
1317354900073040000, 126771
1317354900177292000, 126795
1317354900281554000, 126824
1317354900385784000, 126764
1317354900490017000, 126573
1317354900594274000, 126370
1317354900698529000, 126227
1317354900802808000, 126245
1317354900907085000, 126122
1317354901011372000, 125921
1317354901115647000, 125586
1317354901219921000, 124755
1317354901324194000, 124253
1317354901428494000, 123449
1317354901532848000, 123339
1317354901637173000, 122944
1317354901741499000, 124462
1317354901845822000, 124590
1317354901950125000, 124524
1317354902054406000, 124705
1317354902158695000, 125430
1317354902262950000, 125790
1317354902367181000, 126242
1317354902471409000, 126546
1317354902575632000, 126859
1317354902679863000, 127019
1317354902784077000, 127199
1317354902888307000, 127351
1317354902992528000, 127361
1317354903096736000, 127285
1317354903200953000, 127304
1317354903305161000, 127337
1317354903409392000, 127346
1317354903513623000, 127211
1317354903617845000, 127063
1317354903722099000, 126920
1317354903826352000, 126692
1317354903930606000, 126500
1317354904034860000, 126506
1317354904139124000, 126436
1317354904243380000, 126163
1317354904347630000, 125309
1317354904451885000, 123981
1317354904556132000, 123469
1317354904660389000, 122492
1317354904764655000, 122255
1317354904868919000, 122620
1317354904973186000, 122160
1317354905077466000, 121795
1317354905181720000, 122952
1317354905285964000, 123539
1317354905390230000, 124158
1317354905494489000, 124919
1317354905598743000, 125624
1317354905702996000, 126085
1317354905807250000, 126264
1317354905911478000, 126408
1317354906015708000, 126581
1317354906119963000, 126760
1317354906224193000, 126717
1317354906328867000, 126991
1317354906433122000, 127226
1317354906536936000, 127236
1317354906641168000, 127211
1317354906745406000, 127099
1317354906849661000, 127029
1317354906953926000, 127129
1317354907058180000, 127052
1317354907162436000, 126888
1317354907266690000, 126938
1317354907370945000, 127064
1317354907475201000, 127151
1317354907579457000, 127206
1317354907683713000, 127266
1317354907787989000, 127211
1317354907892278000, 127111
1317354907996547000, 127174
1317354908100824000, 127050
1317354908205084000, 127025
1317354908309329000, 126968
1317354908413556000, 126684
1317354908517809000, 126661
1317354908622096000, 126514
1317354908726354000, 126386
1317354908830607000, 126300
1317354908934860000, 126400
1317354909039140000, 125820
1317354909143419000, 125289
1317354909247686000, 124814
1317354909351977000, 124264
1317354909456233000, 125413
1317354909560472000, 125599
1317354909664726000, 124495
1317354909769009000, 124647
1317354909873294000, 125376
1317354909977560000, 125794
1317354910081786000, 125826
1317354910186005000, 125926
1317354910290260000, 125702
1317354910394514000, 125652
1317354910498741000, 125738
1317354910602973000, 125893
1317354910707228000, 125743
1317354910811492000, 125448
1317354910915748000, 125349
1317354911020029000, 125214
1317354911124346000, 124553
1317354911228650000, 125164
1317354911332960000, 125673
1317354911437273000, 124822
1317354911541614000, 124627
1317354911645954000, 125179
1317354911750280000, 125709
1317354911854621000, 126240
1317354911958948000, 126628
1317354912063228000, 126868
1317354912167484000, 127137
1317354912271711000, 127211
1317354912375890000, 127272
1317354912480049000, 127360
1317354912584175000, 127316
1317354912688314000, 127301
1317354912792485000, 127450
1317354912896613000, 127364
1317354913000722000, 127378
1317354913104846000, 127153
1317354913208970000, 127281
1317354913313118000, 127252
1317354913417256000, 127150
1317354913521342000, 127016
1317354913625440000, 127182
1317354913729550000, 127011
1317354913833647000, 127021
1317354913937780000, 127090
1317354914041970000, 126924
1317354914146164000, 127043
1317354914250346000, 127020
1317354914354543000, 126980
1317354914458742000, 126890
1317354914562953000, 127099
1317354914667140000, 127034
1317354914771323000, 126981
1317354914875502000, 126857
1317354914979641000, 126645
1317354915083756000, 126608
1317354915187864000, 126599
1317354915291975000, 126763
1317354915396054000, 126900
1317354915500115000, 127075
1317354915604177000, 126717
1317354915708252000, 126664
1317354915812362000, 127007
1317354915916509000, 127289
1317354916020727000, 127686
1317354916125042000, 127831
1317354916229442000, 128036
1317354916333925000, 128268
1317354916438491000, 128220
1317354916543068000, 128117
1317354916647578000, 128070
1317354916752050000, 127980
1317354916856531000, 128126
1317354916961025000, 128240
1317354917065496000, 128237
1317354917169893000, 128122
1317354917274265000, 128211
1317354917378606000, 127500
1317354917482936000, 122158
1317354917587265000, 116623
1317354917691532000, 110894
1317354917795786000, 110975
1317354917900016000, 110952
1317354918004233000, 111466
1317354918108418000, 111301
1317354918212587000, 111237
1317354918316794000, 111313
1317354918421003000, 114263
1317354918525245000, 119331
1317354918629513000, 124540
1317354918733780000, 123726
1317354918838069000, 123067
1317354918942389000, 123979
1317354919046724000, 124329
1317354919151034000, 124511
1317354919255327000, 124637
1317354919359629000, 124650
1317354919463942000, 124809
1317354919568226000, 125254
1317354919672470000, 125680
1317354919776743000, 126090
1317354919880995000, 126136
1317354919985225000, 126311
1317354920089459000, 126371
1317354920193665000, 126483
1317354920297874000, 126545
1317354920402081000, 126565
1317354920506263000, 126554
1317354920610446000, 126667
1317354920714639000, 126501
1317354920818794000, 126601
1317354920922953000, 126742
1317354921027117000, 126728
1317354921131276000, 126666
1317354921235434000, 126509
1317354921339574000, 126368
1317354921443719000, 126158
1317354921547884000, 126035
1317354921652067000, 126013
1317354921756204000, 126009
1317354921860325000, 126113
1317354921964432000, 125970
1317354922068533000, 125887
1317354922172591000, 125610
1317354922276627000, 125425
1317354922380639000, 125205
1317354922484618000, 125068
1317354922588621000, 124930
1317354922692588000, 124669
1317354922796588000, 124411
1317354922900626000, 124088
1317354923004656000, 123710
1317354923108697000, 123433
1317354923212756000, 123146
1317354923316793000, 122696
1317354923420845000, 122301
1317354923524884000, 121915
1317354923628894000, 121788
1317354923732902000, 121466
1317354923836893000, 121182
1317354923940903000, 120932
1317354924044896000, 120544
1317354924148886000, 120408
1317354924252891000, 120232
1317354924356931000, 119887
1317354924460995000, 119596
1317354924565068000, 119549
1317354924669157000, 119415
1317354924773255000, 119478
1317354924877396000, 119348
1317354924981531000, 119169
1317354925085706000, 119626
1317354925189949000, 119928
1317354925294213000, 120345
1317354925398529000, 121050
1317354925502893000, 121712
1317354925607278000, 122482
1317354925711736000, 123289
1317354925816232000, 123755
1317354925920728000, 124081
1317354926025198000, 124275
1317354926129610000, 124474
1317354926234020000, 124761
1317354926338416000, 124904
1317354926442803000, 125162
1317354926547225000, 125381
1317354926651708000, 125528
1317354926756227000, 125649
1317354926860736000, 125743
1317354926965196000, 125753
1317354927069641000, 125914
1317354927174085000, 126045
1317354927278458000, 126041
1317354927382800000, 126131
1317354927487128000, 126266
1317354927591416000, 126238
1317354927695671000, 126393
1317354927799931000, 126481
1317354927904162000, 126561
1317354928008390000, 126676
1317354928112655000, 126637
1317354928216897000, 126682
1317354928321130000, 126625
1317354928425349000, 126527
1317354928529543000, 126525
1317354928633742000, 126348
1317354928737952000, 126085
1317354928842150000, 126043
1317354928946362000, 126060
1317354929050562000, 125991
1317354929154744000, 125933
1317354929258953000, 125789
1317354929363125000, 125340
1317354929467307000, 125201
1317354929571488000, 124713
1317354929675662000, 124335
1317354929779858000, 123985
1317354929884038000, 123692
1317354929988220000, 123671
1317354930092383000, 123496
1317354930196536000, 122907
1317354930300728000, 122081
1317354930404906000, 121086
1317354930509087000, 120524
1317354930613305000, 119857
1317354930717506000, 119044
1317354930821711000, 118389
1317354930925911000, 117449
1317354931030117000, 116737
1317354931134325000, 116706
1317354931238530000, 116992
1317354931342772000, 117083
1317354931447017000, 117874
1317354931551272000, 118554
1317354931655550000, 119124
1317354931759854000, 119892
1317354931864137000, 120388
1317354931968370000, 121314
1317354932072629000, 121951
1317354932176928000, 122630
1317354932281187000, 122873
1317354932385415000, 123397
1317354932489636000, 123625
1317354932593809000, 123721
1317354932697945000, 123592
1317354932802019000, 123518
1317354932906031000, 123724
1317354933010021000, 123878
1317354933114001000, 124122
1317354933217933000, 124228
1317354933321868000, 124295
1317354933425818000, 124267
1317354933529734000, 124403
1317354933633658000, 124284
1317354933737589000, 124248
1317354933841520000, 124125
1317354933945456000, 124071
1317354934049397000, 124049
1317354934153333000, 124058
1317354934257311000, 124037
1317354934361303000, 123749
1317354934465294000, 123766
1317354934569341000, 123694
1317354934673405000, 123596
1317354934777459000, 123374
1317354934881520000, 123162
1317354934985594000, 122858
1317354935089693000, 122677
1317354935193816000, 122485
1317354935297954000, 122304
1317354935402137000, 122278
1317354935506348000, 122304
1317354935610566000, 122412
1317354935714788000, 122576
1317354935819043000, 122598
1317354935923357000, 122589
1317354936027733000, 122500
1317354936132156000, 122507
1317354936236616000, 122150
1317354936341161000, 122238
1317354936445734000, 122370
1317354936550264000, 122478
1317354936654799000, 122141
1317354936759353000, 122144
1317354936863848000, 122256
1317354936968278000, 122527
1317354937072677000, 123046
1317354937177066000, 123369
1317354937281471000, 123755
1317354937385837000, 124227
1317354937490205000, 124995
1317354937594625000, 125733
1317354937699072000, 125988
1317354937803545000, 126154
1317354937908030000, 125954
1317354938012500000, 126106
1317354938116959000, 126194
1317354938221442000, 126249
1317354938325959000, 126111
1317354938430478000, 126243
1317354938534971000, 126469
1317354938639441000, 126489
1317354938743865000, 126399
1317354938848251000, 126503
1317354938952624000, 126362
1317354939056975000, 126312
1317354939161304000, 126121
1317354939265610000, 126295
1317354939369888000, 126021
1317354939474122000, 125553
1317354939578354000, 125312
1317354939682613000, 124958
1317354939786820000, 124146
1317354939890990000, 123540
1317354939995177000, 122594
1317354940099349000, 122403
1317354940203514000, 123454
1317354940307669000, 124579
1317354940411855000, 125548
1317354940516031000, 125519
1317354940620212000, 125563
1317354940724394000, 125064
1317354940828545000, 125122
1317354940932736000, 125319
1317354941036926000, 125329
1317354941141076000, 125792
1317354941245246000, 126071
1317354941349439000, 126034
1317354941453597000, 125985
1317354941557770000, 125855
1317354941661976000, 125826
1317354941766220000, 125103
1317354941870485000, 124748
1317354941974731000, 124264
1317354942078988000, 124811
1317354942183222000, 123934
1317354942287451000, 123329
1317354942391700000, 123927
1317354942495943000, 124651
1317354942600185000, 125081
1317354942704478000, 125141
1317354942808726000, 124901
1317354942912929000, 124474
1317354943017154000, 123989
1317354943121376000, 123132
1317354943225620000, 121518
1317354943329861000, 120890
1317354943434103000, 121070
1317354943538327000, 120680
1317354943642572000, 119033
1317354943746836000, 118246
1317354943851084000, 118110
1317354943955314000, 118112
1317354944059549000, 118670
1317354944163778000, 118660
1317354944267996000, 118096
1317354944372245000, 118687
1317354944476477000, 119732
1317354944580711000, 121306
1317354944684965000, 122476
1317354944789187000, 123452
1317354944893403000, 123725
1317354944997613000, 123899
1317354945101796000, 123871
1317354945205983000, 123829
1317354945310181000, 124011
1317354945414381000, 123854
1317354945518595000, 123929
1317354945622824000, 124128
1317354945727071000, 124642
1317354945831325000, 124674
1317354945935593000, 125100
1317354946039838000, 125580
1317354946144034000, 125974
1317354946248259000, 126189
1317354946352495000, 126215
1317354946456727000, 126190
1317354946560979000, 126217
1317354946665223000, 125918
1317354946769487000, 125703
1317354946873717000, 125838
1317354946977935000, 126151
1317354947082169000, 126052
1317354947186379000, 125957
1317354947290608000, 125540
1317354947394836000, 125091
1317354947499046000, 125058
1317354947603254000, 125305
1317354947707461000, 125375
1317354947811678000, 125354
1317354947915858000, 125205
1317354948020040000, 124672
1317354948124222000, 123594
1317354948228369000, 123740
1317354948332563000, 124018
1317354948436748000, 123746
1317354948540905000, 124676
1317354948645086000, 125010
1317354948749269000, 124939
1317354948853429000, 125139
1317354948957604000, 125269
1317354949061796000, 125397
1317354949165985000, 125385
1317354949270193000, 125175
1317354949374401000, 124872
1317354949478607000, 125070
1317354949582809000, 124598
1317354949687016000, 124656
1317354949791214000, 124554
1317354949895435000, 124476
1317354949999669000, 125355
1317354950103874000, 125767
1317354950208083000, 126049
1317354950312277000, 126054
1317354950416458000, 126105
1317354950520664000, 126309
1317354950624847000, 126603
1317354950729005000, 126837
1317354950833164000, 126873
1317354950937311000, 126560
1317354951041506000, 126459
1317354951145690000, 126164
1317354951249838000, 126129
1317354951353996000, 126075
1317354951458178000, 126068
1317354951562386000, 126128
1317354951666593000, 126338
1317354951770780000, 126193
1317354951874963000, 126296
1317354951979163000, 126171
1317354952083354000, 126168
1317354952187516000, 126174
1317354952291677000, 126204
1317354952395832000, 126229
1317354952499992000, 126272
1317354952604146000, 126264
1317354952708300000, 126286
1317354952812463000, 126344
1317354952916652000, 126368
1317354953020843000, 126421
1317354953125020000, 126591
1317354953229229000, 126710
1317354953333427000, 126804
1317354953437633000, 126675
1317354953541867000, 126617
1317354953646085000, 126389
1317354953750306000, 126338
1317354953854521000, 126328
1317354953958722000, 126130
1317354954062933000, 126248
1317354954167120000, 126653
1317354954271302000, 126741
1317354954375484000, 126586
1317354954479643000, 126484
1317354954583792000, 126518
1317354954687950000, 126503
1317354954792106000, 126685
1317354954896232000, 126861
1317354955000378000, 127025
1317354955104539000, 127109
1317354955208699000, 127210
1317354955312854000, 127136
1317354955417010000, 127141
1317354955521169000, 127173
1317354955625342000, 127196
1317354955729524000, 127143
1317354955833712000, 127066
1317354955937919000, 127051
1317354956042109000, 126849
1317354956146276000, 126932
1317354956250432000, 127081
1317354956354590000, 127101
1317354956458748000, 127100
1317354956562902000, 126995
1317354956667056000, 126979
1317354956771214000, 126797
1317354956875369000, 126791
1317354956979549000, 126707
1317354957083731000, 126535
1317354957187915000, 126468
1317354957292097000, 126362
1317354957396280000, 126147
1317354957500511000, 126018
1317354957604801000, 126074
1317354957709111000, 126236
1317354957813401000, 126127
1317354957917678000, 125706
1317354958021944000, 125477
1317354958126198000, 125054
1317354958230478000, 124733
1317354958334757000, 125069
1317354958439003000, 125389
1317354958543266000, 124715
1317354958647522000, 124555
1317354958751777000, 124920
1317354958856030000, 125519
1317354958960258000, 125933
1317354959064479000, 126327
1317354959168726000, 126426
1317354959272980000, 126591
1317354959377233000, 126652
1317354959481511000, 126727
1317354959585790000, 126762
1317354959690066000, 126777
1317354959794369000, 126901
1317354959898647000, 126883
1317354960002918000, 126964
1317354960107220000, 126907
1317354960211536000, 126889
1317354960315867000, 126894
1317354960420187000, 126867
1317354960524512000, 126934
1317354960628842000, 127035
1317354960733186000, 127233
1317354960837509000, 127234
1317354960941818000, 127290
1317354961046172000, 127147
1317354961150499000, 127107
1317354961254815000, 127080
1317354961359167000, 126944
1317354961463520000, 127014
1317354961567871000, 126988
1317354961672257000, 127095
1317354961776629000, 126910
1317354961880978000, 126787
1317354961985349000, 126256
1317354962089761000, 126596
1317354962194186000, 126336
1317354962298609000, 126377
1317354962403032000, 126272
1317354962507455000, 126209
1317354962611877000, 126189
1317354962716311000, 126223
1317354962820733000, 126205
1317354962925154000, 126290
1317354963029556000, 126304
1317354963133931000, 126392
1317354963238303000, 126326
1317354963342658000, 126349
1317354963446987000, 126348
1317354963551311000, 126559
1317354963655638000, 126566
1317354963759917000, 126560
1317354963864171000, 126648
1317354963968423000, 126757
1317354964072676000, 126897
1317354964176933000, 127176
1317354964281215000, 127337
1317354964385462000, 127272
1317354964489674000, 127132
1317354964593856000, 127076
1317354964697988000, 127025
1317354964802086000, 127014
1317354964906119000, 127008
1317354965010076000, 126891
1317354965113972000, 126844
1317354965217843000, 126842
1317354965321688000, 126791
1317354965425532000, 126915
1317354965529401000, 126919
1317354965633284000, 126900
1317354965737131000, 126708
1317354965840978000, 126699
1317354965944867000, 126696
1317354966048728000, 126769
1317354966152638000, 126793
1317354966256603000, 126897
1317354966360592000, 126828
1317354966464634000, 126851
1317354966568690000, 126786
1317354966672774000, 126601
1317354966776894000, 126497
1317354966881007000, 126425
1317354966985118000, 126343
1317354967089230000, 126182
1317354967193364000, 125794
1317354967297519000, 125559
1317354967401679000, 125159
1317354967505815000, 124719
1317354967609957000, 124296
1317354967714114000, 124050
1317354967818281000, 123915
1317354967922473000, 123913
1317354968026655000, 123929
1317354968130857000, 124120
1317354968235049000, 124232
1317354968339250000, 124476
1317354968443481000, 124442
1317354968547693000, 124560
1317354968651924000, 124665
1317354968756175000, 124866
1317354968860429000, 125270
1317354968964681000, 125507
1317354969068926000, 125638
1317354969173170000, 125693
1317354969277376000, 125494
1317354969381572000, 125451
1317354969485782000, 125393
1317354969589972000, 125440
1317354969694153000, 125698
1317354969798358000, 125756
1317354969902541000, 125772
1317354970006742000, 125883
1317354970111128000, 125870
1317354970215345000, 126073
1317354970319419000, 126134
1317354970423696000, 126265
1317354970528001000, 126309
1317354970632325000, 126368
1317354970736675000, 126389
1317354970841045000, 126485
1317354970945443000, 126556
1317354971049862000, 126644
1317354971154311000, 126714
1317354971258766000, 126767
1317354971363235000, 126792
1317354971467746000, 126828
1317354971572289000, 126905
1317354971676833000, 126982
1317354971781383000, 126936
1317354971885934000, 127030
1317354971990445000, 126941
1317354972094939000, 126882
1317354972199436000, 126831
1317354972303908000, 126663
1317354972408378000, 126582
1317354972512839000, 126529
1317354972617261000, 126392
1317354972721664000, 126258
1317354972826048000, 126087
1317354972930419000, 125958
1317354973034818000, 125914
1317354973139194000, 125844
1317354973243511000, 125828
1317354973347822000, 125883
1317354973452128000, 125939
1317354973556453000, 126085
1317354973660775000, 126340
1317354973765053000, 126515
1317354973869309000, 126778
1317354973973559000, 126817
1317354974077769000, 126705
1317354974181910000, 126548
1317354974286018000, 126493
1317354974390057000, 126163
1317354974494024000, 126259
1317354974597984000, 126409
1317354974701959000, 126249
1317354974805949000, 126417
1317354974909940000, 126492
1317354975013881000, 126380
1317354975117815000, 126151
1317354975221767000, 125946
1317354975325711000, 126062
1317354975429653000, 126336
1317354975533546000, 126211
1317354975637417000, 126248
1317354975741292000, 126526
1317354975845203000, 126711
1317354975949092000, 126678
1317354976052965000, 126752
1317354976156886000, 126746
1317354976260813000, 126910
1317354976364753000, 127017
1317354976468695000, 126917
1317354976572614000, 127026
1317354976676548000, 127071
1317354976780525000, 126996
1317354976884491000, 127011
1317354976988482000, 127101
1317354977092495000, 127068
1317354977196514000, 127010
1317354977300554000, 126851
1317354977404603000, 126570
1317354977508663000, 126473
1317354977612726000, 126330
1317354977716824000, 126220
1317354977820935000, 126374
1317354977925033000, 126565
1317354978029177000, 126517
1317354978133317000, 126468
1317354978237443000, 126703
1317354978341609000, 126630
1317354978445766000, 126805
1317354978549914000, 126838
1317354978654101000, 127044
1317354978758316000, 127212
1317354978862519000, 127074
1317354978966693000, 126839
1317354979070876000, 126682
1317354979175059000, 126623
1317354979279253000, 126345
1317354979383438000, 126138
1317354979487562000, 125857
1317354979591695000, 125480
1317354979695865000, 125005
1317354979800023000, 125043
1317354979904170000, 124723
1317354980008352000, 124605
1317354980112537000, 124015
1317354980216728000, 123504
1317354980320934000, 122354
1317354980425110000, 121038
1317354980529303000, 120604
1317354980633487000, 120541
1317354980737643000, 120499
1317354980841805000, 121010
1317354980945958000, 120704
1317354981050112000, 119898
1317354981154266000, 120483
1317354981258436000, 120893
1317354981362619000, 121764
1317354981466792000, 122799
1317354981570982000, 123846
1317354981675165000, 124731
1317354981779317000, 125259
1317354981883484000, 125630
1317354981987668000, 125615
1317354982091851000, 125839
1317354982196007000, 126255
1317354982300180000, 126555
1317354982404372000, 126549
1317354982508531000, 126728
1317354982612694000, 126735
1317354982716899000, 126913
1317354982821117000, 126985
1317354982925333000, 127146
1317354983029540000, 127225
1317354983133747000, 127237
1317354983237956000, 127161
1317354983342139000, 127097
1317354983446320000, 127258
1317354983550493000, 127110
1317354983654640000, 127159
1317354983758750000, 127086
1317354983862884000, 127077
1317354983967044000, 126967
1317354984071203000, 126845
1317354984175361000, 126640
1317354984279538000, 126376
1317354984383721000, 126221
1317354984487933000, 126351
1317354984592173000, 126135
1317354984696394000, 126105
1317354984800625000, 125477
1317354984904854000, 125044
1317354985009098000, 124802
1317354985113361000, 124550
1317354985217616000, 123579
1317354985321897000, 123373
1317354985426179000, 123506
1317354985530428000, 123435
1317354985634681000, 122818
1317354985738966000, 122623
1317354985843221000, 123036
1317354985947450000, 123349
1317354986051702000, 123740
1317354986155927000, 124313
1317354986260168000, 125245
1317354986364398000, 125804
1317354986468594000, 125918
1317354986572776000, 126153
1317354986676960000, 126513
1317354986781153000, 126746
1317354986885312000, 127013
1317354986989460000, 127170
1317354987093627000, 127231
1317354987197763000, 127318
1317354987301874000, 127268
1317354987405985000, 127173
1317354987510096000, 126695
1317354987614209000, 126353
1317354987718294000, 126103
1317354987822378000, 125965
1317354987926456000, 125811
1317354988030519000, 125612
1317354988134581000, 125525
1317354988238644000, 125468
1317354988342706000, 125506
1317354988446793000, 125428
1317354988550906000, 125401
1317354988655028000, 125297
1317354988759160000, 125435
1317354988863284000, 125139
1317354988967428000, 124958
1317354989071564000, 124734
1317354989175689000, 124980
1317354989279834000, 125207
1317354989383968000, 125243
1317354989488093000, 125180
1317354989592230000, 125369
1317354989696362000, 125222
1317354989800496000, 125411
1317354989904657000, 125394
1317354990008801000, 125567
1317354990112936000, 125649
1317354990217071000, 125720
1317354990321204000, 125813
1317354990425337000, 125999
1317354990529475000, 126179
1317354990633604000, 126338
1317354990737721000, 126439
1317354990841829000, 126499
1317354990945930000, 126542
1317354991050066000, 126590
1317354991154227000, 126612
1317354991258387000, 126866
1317354991362544000, 127012
1317354991466703000, 127093
1317354991570837000, 127137
1317354991674972000, 127207
1317354991779141000, 127265
1317354991883308000, 127269
1317354991987466000, 127122
1317354992091616000, 127004
1317354992195774000, 126944
1317354992299933000, 126721
1317354992404091000, 126494
1317354992508251000, 126258
1317354992612403000, 126147
1317354992716563000, 125884
1317354992820754000, 125630
1317354992924937000, 125109
1317354993029120000, 124656
1317354993133325000, 123204
1317354993237509000, 121511
1317354993341690000, 120972
1317354993445886000, 120267
1317354993550102000, 119720
1317354993654309000, 119305
1317354993758523000, 121040
1317354993862733000, 122452
1317354993966933000, 123565
1317354994071136000, 124504
1317354994175318000, 124852
1317354994279499000, 125428
1317354994383648000, 125580
1317354994487759000, 125886
1317354994591849000, 125973
1317354994695887000, 125992
1317354994799898000, 125688
1317354994903889000, 125605
1317354995007857000, 125362
1317354995111834000, 125163
1317354995215827000, 124716
1317354995319841000, 124036
1317354995423856000, 123602
1317354995527872000, 123308
1317354995631887000, 122742
1317354995735902000, 121256
1317354995839938000, 119856
1317354995943989000, 118315
1317354996048079000, 117389
1317354996152221000, 116516
1317354996256378000, 116288
1317354996360556000, 116343
1317354996464764000, 116987
1317354996568944000, 118007
1317354996673135000, 119762
1317354996777345000, 121017
1317354996881550000, 122562
1317354996985740000, 123205
1317354997089935000, 124001
1317354997194154000, 124564
1317354997298362000, 124961
1317354997402573000, 125250
1317354997506799000, 125685
1317354997611030000, 125855
1317354997715261000, 125954
1317354997819493000, 126042
1317354997923707000, 126145
1317354998027921000, 126193
1317354998132101000, 126124
1317354998236284000, 126368
1317354998340467000, 126249
1317354998444620000, 126142
1317354998548768000, 126341
1317354998652908000, 126305
1317354998757055000, 126503
1317354998861179000, 126675
1317354998965321000, 126424
1317354999069505000, 126519
1317354999173688000, 126457
1317354999277848000, 126187
1317354999382032000, 126082
1317354999486214000, 126080
1317354999590398000, 126143
1317354999694604000, 126010
1317354999798826000, 125855
1317354999903055000, 125867
1317355000007263000, 125715
1317355000111471000, 125853
1317355000215709000, 126016
1317355000319939000, 126157
1317355000424135000, 126121
1317355000528350000, 125870
1317355000632566000, 125752
1317355000736798000, 125417
1317355000841021000, 125561
1317355000945274000, 125807
1317355001049554000, 125916
1317355001153847000, 126211
1317355001258172000, 126545
1317355001362502000, 126849
1317355001466828000, 127053
1317355001571161000, 127222
1317355001675488000, 127171
1317355001779796000, 127021
1317355001884108000, 127250
1317355001988374000, 127275
1317355002092642000, 127245
1317355002196921000, 127158
1317355002301185000, 127375
1317355002405465000, 127496
1317355002509769000, 127625
1317355002614070000, 127692
1317355002718350000, 127743
1317355002822629000, 127808
1317355002926924000, 127782
1317355003031237000, 127827
1317355003135539000, 127751
1317355003239834000, 127701
1317355003344167000, 127636
1317355003448517000, 127639
1317355003552864000, 127675
1317355003657191000, 127596
1317355003761517000, 127627
1317355003865843000, 127579
1317355003970174000, 127624
1317355004074499000, 127513
1317355004178794000, 127488
1317355004283130000, 127489
1317355004387481000, 127494
1317355004491834000, 127546
1317355004596185000, 127537
1317355004700536000, 127545
1317355004804885000, 127595
1317355004909223000, 127596
1317355005013583000, 127573
1317355005117885000, 127478
1317355005222155000, 127310
1317355005326461000, 127343
1317355005430764000, 127212
1317355005535042000, 127106
1317355005639299000, 127100
1317355005743575000, 127106
1317355005847852000, 126962
1317355005952115000, 126803
1317355006056369000, 126642
1317355006160602000, 126365
1317355006264833000, 126345
1317355006369087000, 126216
1317355006473341000, 126119
1317355006577598000, 126081
1317355006681854000, 126091
1317355006786100000, 126009
1317355006890364000, 126021
1317355006994622000, 125998
1317355007098867000, 125986
1317355007203126000, 125862
1317355007307379000, 125740
1317355007411611000, 125786
1317355007515796000, 125651
1317355007619930000, 125282
1317355007724039000, 125352
1317355007828140000, 125181
1317355007932226000, 124943
1317355008036267000, 124602
1317355008140284000, 124322
1317355008244799000, 124139
1317355008348838000, 123804
1317355008452411000, 123337
1317355008556471000, 122735
1317355008660523000, 122103
1317355008764595000, 121379
1317355008868661000, 120270
1317355008972728000, 120053
1317355009076792000, 119644
1317355009180818000, 119846
1317355009284834000, 119429
1317355009388869000, 119586
1317355009492904000, 120036
1317355009596944000, 121171
1317355009701007000, 122283
1317355009805105000, 123078
1317355009909202000, 123536
1317355010013260000, 123914
1317355010117314000, 124204
1317355010221356000, 124198
1317355010325382000, 124204
1317355010429389000, 123978
1317355010533404000, 123876
1317355010637421000, 123959
1317355010741458000, 124002
1317355010845517000, 123896
1317355010949575000, 123751
1317355011053645000, 123517
1317355011157738000, 122731
1317355011261831000, 122184
1317355011365939000, 122336
1317355011470082000, 122725
1317355011574232000, 122736
1317355011678438000, 123029
1317355011782680000, 122916
1317355011886910000, 123613
1317355011991156000, 123939
1317355012095422000, 124171
1317355012199675000, 124356
1317355012303943000, 124269
1317355012408221000, 123924
1317355012512500000, 123387
1317355012616803000, 122761
1317355012721131000, 122563
1317355012825484000, 122292
1317355012929842000, 122057
1317355013034215000, 121895
1317355013138628000, 122021
1317355013243079000, 122648
1317355013347559000, 123340
1317355013452057000, 123721
1317355013556566000, 124349
1317355013661111000, 124502
1317355013765656000, 124894
1317355013870190000, 125003
1317355013974756000, 125256
1317355014079307000, 125226
1317355014183829000, 125351
1317355014288325000, 125176
1317355014392790000, 125373
1317355014497222000, 125403
1317355014601627000, 125427
1317355014705979000, 125505
1317355014810297000, 125505
1317355014914636000, 125667
1317355015018953000, 126020
1317355015123266000, 126399
1317355015227551000, 126697
1317355015331801000, 126779
1317355015436007000, 126889
1317355015540144000, 126987
1317355015644232000, 127061
1317355015748252000, 126962
1317355015852201000, 127022
1317355015956145000, 127122
1317355016060080000, 127060
1317355016163987000, 127141
1317355016267882000, 127085
1317355016371779000, 127120
1317355016475718000, 127005
1317355016579687000, 126935
1317355016683677000, 127033
1317355016787664000, 126733
1317355016891632000, 126364
1317355016995601000, 126317
1317355017099563000, 126149
1317355017203538000, 126093
1317355017307530000, 125985
1317355017411535000, 125943
1317355017515572000, 125992
1317355017619668000, 126121
1317355017723785000, 126150
1317355017827893000, 126221
1317355017932036000, 126146
1317355018036173000, 126136
1317355018140313000, 126007
1317355018244497000, 126123
1317355018348696000, 126112
1317355018452855000, 125551
1317355018557040000, 125407
1317355018661291000, 124978
1317355018765508000, 124804
1317355018869679000, 123813
1317355018973849000, 122851
1317355019078009000, 122431
1317355019182166000, 123353
1317355019286324000, 124635
1317355019390460000, 125325
1317355019494609000, 125509
1317355019598768000, 125407
1317355019702926000, 125134
1317355019807061000, 125040
1317355019911195000, 125384
1317355020015354000, 125629
1317355020119511000, 125937
1317355020223637000, 126049
1317355020327774000, 126041
1317355020431940000, 125936
1317355020536099000, 125768
1317355020640235000, 125146
1317355020744369000, 124637
1317355020848514000, 123969
1317355020952675000, 124685
1317355021056811000, 123657
1317355021160946000, 123076
1317355021265104000, 123633
1317355021369251000, 124446
1317355021473419000, 125119
1317355021577605000, 125098
1317355021681779000, 124677
1317355021785956000, 124352
1317355021890174000, 123645
1317355021994395000, 122448
1317355022098627000, 121336
1317355022202879000, 120928
1317355022307125000, 121297
1317355022411353000, 119773
1317355022515581000, 118071
1317355022619838000, 117805
1317355022724068000, 118066
1317355022828298000, 118722
1317355022932526000, 118577
1317355023036757000, 118030
1317355023140991000, 118459
1317355023245189000, 119719
1317355023349397000, 121342
1317355023453580000, 122507
1317355023557738000, 123463
1317355023661873000, 123628
1317355023766015000, 123809
1317355023870162000, 123705
1317355023974295000, 123825
1317355024078427000, 123929
1317355024182555000, 124012
1317355024286709000, 123721
1317355024390891000, 124382
1317355024495096000, 124464
1317355024599302000, 124852
1317355024703515000, 125432
1317355024807727000, 126019
1317355024911936000, 126149
1317355025016147000, 126234
1317355025120348000, 126254
1317355025224532000, 126119
1317355025328710000, 125860
1317355025432907000, 125787
1317355025537102000, 125750
1317355025641291000, 126023
1317355025745460000, 125905
1317355025849611000, 125577
1317355025953780000, 125073
1317355026057951000, 124998
1317355026162111000, 125188
1317355026266271000, 125367
1317355026370432000, 125174
1317355026474595000, 125045
1317355026578752000, 124063
1317355026682901000, 123205
1317355026787059000, 123893
1317355026891211000, 123736
1317355026995359000, 124545
1317355027099508000, 124977
1317355027203677000, 124987
1317355027307847000, 125170
1317355027412008000, 125251
1317355027516187000, 125395
1317355027620391000, 125296
1317355027724599000, 124993
1317355027828793000, 124646
1317355027933001000, 124741
1317355028037194000, 124531
1317355028141389000, 124656
1317355028245566000, 124399
1317355028349728000, 125270
1317355028453881000, 125735
1317355028558034000, 125977
1317355028662193000, 125999
1317355028766331000, 125967
1317355028870442000, 126329
1317355028974544000, 126693
1317355029078659000, 126750
1317355029182778000, 126449
1317355029286894000, 126404
1317355029391006000, 126257
1317355029495085000, 126234
1317355029599168000, 126257
1317355029703277000, 126346
1317355029807379000, 126434
1317355029911493000, 126385
1317355030015578000, 126328
1317355030119664000, 126224
1317355030223780000, 126274
1317355030327926000, 126313
1317355030432068000, 126388
1317355030536202000, 126308
1317355030640334000, 126282
1317355030744434000, 126310
1317355030848533000, 126294
1317355030952656000, 126407
1317355031056780000, 126489
1317355031160888000, 126613
1317355031264956000, 126680
1317355031369038000, 126614
1317355031473154000, 126577
1317355031577288000, 126352
1317355031681446000, 126296
1317355031785578000, 126223
1317355031889723000, 126226
1317355031993881000, 126619
1317355032098017000, 126634
1317355032202165000, 126598
1317355032306288000, 126432
1317355032410422000, 126587
1317355032514593000, 126651
1317355032618729000, 126803
1317355032722853000, 127006
1317355032826974000, 127136
1317355032931119000, 127229
1317355033035280000, 127280
1317355033139413000, 127158
1317355033243512000, 127200
1317355033347635000, 127187
1317355033451782000, 127017
1317355033555892000, 126895
1317355033660028000, 126945
1317355033764169000, 126967
1317355033868279000, 127122
1317355033972388000, 127118
1317355034076522000, 127059
1317355034180688000, 126982
1317355034284850000, 126920
1317355034389033000, 126852
1317355034493225000, 126654
1317355034597370000, 126525
1317355034701529000, 126339
1317355034805713000, 126276
1317355034909921000, 126060
1317355035014151000, 126086
1317355035118394000, 126066
1317355035222647000, 126148
1317355035326938000, 125563
1317355035431241000, 125438
1317355035535556000, 125010
1317355035639893000, 124813
1317355035744229000, 125030
1317355035848583000, 125576
1317355035952914000, 124459
1317355036057180000, 124093
1317355036161459000, 124707
1317355036265738000, 125224
1317355036369968000, 125630
1317355036474167000, 126095
1317355036578337000, 126282
1317355036682495000, 126570
1317355036786655000, 126647
1317355036890796000, 126615
1317355036994882000, 126650
1317355037098977000, 126835
1317355037203089000, 126859
1317355037307217000, 126935
1317355037411352000, 126863
1317355037515498000, 126954
1317355037619656000, 127030
1317355037723828000, 127044
1317355037828010000, 127100
1317355037932200000, 127147
1317355038036407000, 127196
1317355038140605000, 127193
1317355038244822000, 127224
1317355038349055000, 127319
1317355038453274000, 127301
1317355038557482000, 127184
1317355038661722000, 127234
1317355038765954000, 127085
1317355038870173000, 127111
1317355038974435000, 126998
1317355039078666000, 126958
1317355039182900000, 126981
1317355039287168000, 126938
1317355039391410000, 126831
1317355039495660000, 126843
1317355039599915000, 126813
1317355039704175000, 126708
1317355039808437000, 126598
1317355039912679000, 126428
1317355040016925000, 126318
1317355040121167000, 126227
1317355040225373000, 126044
1317355040329588000, 126000
1317355040433796000, 125913
1317355040537988000, 125918
1317355040642194000, 125940
1317355040746399000, 125899
1317355040850612000, 125907
1317355040954790000, 125836
1317355041058971000, 125898
1317355041163193000, 125837
1317355041267396000, 125861
1317355041371627000, 125915
1317355041475858000, 125860
1317355041580089000, 125906
1317355041684343000, 125882
1317355041788559000, 125908
1317355041892802000, 125887
1317355041997058000, 125944
1317355042101301000, 125976
1317355042205555000, 126108
1317355042309799000, 126004
1317355042414045000, 125996
1317355042518264000, 126041
1317355042622455000, 126147
1317355042726662000, 126312
1317355042830845000, 126048
1317355042935037000, 126017
1317355043039244000, 126192
1317355043143441000, 126386
1317355043247677000, 126593
1317355043351932000, 126627
1317355043456155000, 126604
1317355043560386000, 126709
1317355043664642000, 126698
1317355043768874000, 126637
1317355043873110000, 126604
1317355043977339000, 126657
1317355044081553000, 126620
1317355044185787000, 126570
1317355044290017000, 126433
1317355044394219000, 126668
1317355044498428000, 126836
1317355044602670000, 126993
1317355044706890000, 127003
1317355044811109000, 127058
1317355044915374000, 127022
1317355045019628000, 127080
1317355045123872000, 126996
1317355045228127000, 127021
1317355045332384000, 127066
1317355045436616000, 126943
1317355045540822000, 126756
1317355045645027000, 126556
1317355045749244000, 126157
1317355045853433000, 125972
1317355045957583000, 125693
1317355046061761000, 125875
1317355046165952000, 126110
1317355046270111000, 126418
1317355046374259000, 126507
1317355046478440000, 126257
1317355046582628000, 125927
1317355046686786000, 125742
1317355046790952000, 125713
1317355046895087000, 125790
1317355046999220000, 125887
1317355047103378000, 126229
1317355047207525000, 126297
1317355047311674000, 126592
1317355047415810000, 126884
1317355047519946000, 126887
1317355047624078000, 126886
1317355047728228000, 126642
1317355047832400000, 126366
1317355047936564000, 126317
1317355048040735000, 126340
1317355048144907000, 126291
1317355048249101000, 126487
1317355048353283000, 126618
1317355048457466000, 126424
1317355048561659000, 126220
1317355048665806000, 126004
1317355048769956000, 125859
1317355048874116000, 125714
1317355048978303000, 125522
1317355049082512000, 125540
1317355049186703000, 125486
1317355049290883000, 125480
1317355049395078000, 125633
1317355049499296000, 126048
1317355049603479000, 126302
1317355049707658000, 126493
1317355049811853000, 126583
1317355049916003000, 126495
1317355050020150000, 126250
1317355050124306000, 126017
1317355050228474000, 126398
1317355050332617000, 126275
1317355050436749000, 125845
1317355050540900000, 125825
1317355050645080000, 125761
1317355050749264000, 125663
1317355050853422000, 125901
1317355050957580000, 126369
1317355051061736000, 126396
1317355051165897000, 126318
1317355051270068000, 126318
1317355051374201000, 126287
1317355051478327000, 126529
1317355051582462000, 126699
1317355051686602000, 127090
1317355051790735000, 127281
1317355051894862000, 127290
1317355051998997000, 127224
1317355052103117000, 127310
1317355052207240000, 127228
1317355052311351000, 127327
1317355052415450000, 127468
1317355052519561000, 127429
1317355052623699000, 127387
1317355052727797000, 127297
1317355052831893000, 127342
1317355052936039000, 127503
1317355053040161000, 127701
1317355053144260000, 127854
1317355053248397000, 127593
1317355053352567000, 127641
1317355053456725000, 127531
1317355053560885000, 127411
1317355053665043000, 127411
1317355053769202000, 127421
1317355053873393000, 127545
1317355053977565000, 127496
1317355054081727000, 127574
1317355054185860000, 127589
1317355054289992000, 127528
1317355054394163000, 127566
1317355054498313000, 127592
1317355054602439000, 127562
1317355054706575000, 127424
1317355054810717000, 127306
1317355054914822000, 127225
1317355055018935000, 127293
1317355055123051000, 127300
1317355055227161000, 127215
1317355055331282000, 127165
1317355055435394000, 127076
1317355055539506000, 127163
1317355055643602000, 127218
1317355055747709000, 127388
1317355055851821000, 127312
1317355055955915000, 127292
1317355056060028000, 127345
1317355056164122000, 127236
1317355056268206000, 127122
1317355056372330000, 126950
1317355056476451000, 127129
1317355056580540000, 126876
1317355056684627000, 126915
1317355056788737000, 126949
1317355056892842000, 126921
1317355056996952000, 126930
1317355057101058000, 126973
1317355057205181000, 126969
1317355057309313000, 126878
1317355057413425000, 126973
1317355057517539000, 126997
1317355057621651000, 126937
1317355057725762000, 126997
1317355057829903000, 126700
1317355057934034000, 126423
1317355058038151000, 126132
1317355058142261000, 125782
1317355058246385000, 125617
1317355058350497000, 125356
1317355058454587000, 125343
1317355058558677000, 124961
1317355058662773000, 124471
1317355058766883000, 124259
1317355058870980000, 124262
1317355058975087000, 124593
1317355059079203000, 124464
1317355059183314000, 124445
1317355059287427000, 124323
1317355059391559000, 123999
1317355059495703000, 123680
1317355059599826000, 124218
1317355059703913000, 124685
1317355059808016000, 124924
1317355059912152000, 125195
1317355060016293000, 125521
1317355060120437000, 125477
1317355060224596000, 125487
1317355060328772000, 125454
1317355060432901000, 125473
1317355060536994000, 125417
1317355060641108000, 125572
1317355060745221000, 125613
1317355060849298000, 125499
1317355060953395000, 125216
1317355061057505000, 124653
1317355061161569000, 123865
1317355061265633000, 122278
1317355061369708000, 120299
1317355061473778000, 118654
1317355061577867000, 118122
1317355061681955000, 118037
1317355061786027000, 118681
1317355061890104000, 118351
1317355061994215000, 119083
1317355062098326000, 119976
1317355062202436000, 120654
1317355062306569000, 121388
1317355062410732000, 121187
1317355062514939000, 120915
1317355062619191000, 121163
1317355062723446000, 121385
1317355062827718000, 121481
1317355062932026000, 122492
1317355063036324000, 123352
1317355063140610000, 124037
1317355063244865000, 124763
1317355063349142000, 125267
1317355063453468000, 125659
1317355063557807000, 125749
1317355063662182000, 125973
1317355063766557000, 126065
1317355063870893000, 126066
1317355063975231000, 126000
1317355064079526000, 125995
1317355064183796000, 126237
1317355064288097000, 126431
1317355064392409000, 126520
1317355064496713000, 126418
1317355064600990000, 126276
1317355064705280000, 126286
1317355064809549000, 125964
1317355064913790000, 126124
1317355065018056000, 126349
1317355065122289000, 126419
1317355065226496000, 126003
1317355065330726000, 126049
1317355065434944000, 126064
1317355065539163000, 126236
1317355065643381000, 126501
1317355065747576000, 126678
1317355065851751000, 126753
1317355065955883000, 126652
1317355066059991000, 126931
1317355066164053000, 126946
1317355066268092000, 127216
1317355066372155000, 127318
1317355066476193000, 127499
1317355066580205000, 127521
1317355066684195000, 127553
1317355066788163000, 127562
1317355066892131000, 127548
1317355066996098000, 127596
1317355067100063000, 127759
1317355067204030000, 127720
1317355067307990000, 127721
1317355067411932000, 127645
1317355067515858000, 127654
1317355067619803000, 127612
1317355067723750000, 127591
1317355067827691000, 127564
1317355067931654000, 127398
1317355068035645000, 127516
1317355068139684000, 127560
1317355068243747000, 127538
1317355068347803000, 127533
1317355068451869000, 127419
1317355068555955000, 127551
1317355068660080000, 127655
1317355068764247000, 127561
1317355068868407000, 127328
1317355068972556000, 127120
1317355069076737000, 127058
1317355069181510000, 126849
1317355069285716000, 126461
1317355069389389000, 126193
1317355069493669000, 126017
1317355069597963000, 125718
1317355069702274000, 125649
1317355069806603000, 125574
1317355069910953000, 125477
1317355070015278000, 125343
1317355070119546000, 125208
1317355070223802000, 125173
1317355070328045000, 125314
1317355070432262000, 125443
1317355070536434000, 125430
1317355070640592000, 125394
1317355070744728000, 125178
1317355070848863000, 125306
1317355070953023000, 125265
1317355071057151000, 125317
1317355071161264000, 125376
1317355071265371000, 125281
1317355071369462000, 125222
1317355071473559000, 125153
1317355071577662000, 124999
1317355071681738000, 124731
1317355071785834000, 124746
1317355071889996000, 124635
1317355071994203000, 124662
1317355072098456000, 124776
1317355072202772000, 124805
1317355072307123000, 124560
1317355072411957000, 123979
1317355072516282000, 123117
1317355072620054000, 121749
1317355072724261000, 120701
1317355072828469000, 119824
1317355072932676000, 118418
1317355073036883000, 115929
1317355073141088000, 115157
1317355073245327000, 116632
1317355073349609000, 117815
1317355073453913000, 118615
1317355073558237000, 119601
1317355073662565000, 120972
1317355073766892000, 122487
1317355073871218000, 122979
1317355073975520000, 123700
1317355074079822000, 124237
1317355074184125000, 124298
1317355074288395000, 123994
1317355074392651000, 124165
1317355074496906000, 123608
1317355074601169000, 123067
1317355074705423000, 122463
1317355074809679000, 122231
1317355074913914000, 121907
1317355075018113000, 122538
1317355075122323000, 123120
1317355075226505000, 123642
1317355075330692000, 124657
1317355075434874000, 125435
1317355075539042000, 125587
1317355075643225000, 125595
1317355075747419000, 125754
1317355075851629000, 125739
1317355075955812000, 125992
1317355076059991000, 126285
1317355076164173000, 126512
1317355076268356000, 126757
1317355076372554000, 127004
1317355076476735000, 126925
1317355076580930000, 127055
1317355076685139000, 127108
1317355076789310000, 127058
1317355076893489000, 127110
1317355076997673000, 127060
1317355077101854000, 127198
1317355077206010000, 127182
1317355077310147000, 127147
1317355077414293000, 126989
1317355077518427000, 127085
1317355077622562000, 127112
1317355077726673000, 127005
1317355077830778000, 126980
1317355077934889000, 126875
1317355078038982000, 126831
1317355078143099000, 126811
1317355078247223000, 126785
1317355078351340000, 126710
1317355078455453000, 126550
1317355078559587000, 126621
1317355078663721000, 126407
1317355078767829000, 126257
1317355078871961000, 125890
1317355078976137000, 125825
1317355079080346000, 125510
1317355079184552000, 125059
1317355079288740000, 124683
1317355079392904000, 124232
1317355079497061000, 123616
1317355079601214000, 122548
1317355079705728000, 121749
1317355079809887000, 121912
1317355079913684000, 120875
1317355080017828000, 120708
1317355080121961000, 121905
1317355080226096000, 121979
1317355080330208000, 121726
1317355080434309000, 120967
1317355080538457000, 119367
1317355080642615000, 117262
1317355080746773000, 114804
1317355080850958000, 113186
1317355080955132000, 112805
1317355081059265000, 111604
1317355081163399000, 110536
1317355081267541000, 109767
1317355081371673000, 111174
1317355081475801000, 112886
1317355081579948000, 113901
1317355081684108000, 113876
1317355081788267000, 113663
1317355081892445000, 113627
1317355081996626000, 114083
1317355082100787000, 115253
1317355082204970000, 116785
1317355082309156000, 117091
1317355082413307000, 117020
1317355082517489000, 117937
1317355082621670000, 118315
1317355082725855000, 118399
1317355082830046000, 117764
1317355082934248000, 118386
1317355083038471000, 119557
1317355083142711000, 120737
1317355083246989000, 121575
1317355083351261000, 121468
1317355083455515000, 121449
1317355083559756000, 121030
1317355083664085000, 119678
1317355083768302000, 119340
1317355083872413000, 118869
1317355083976605000, 119242
1317355084080761000, 119967
1317355084184911000, 120097
1317355084289069000, 120063
1317355084393226000, 119885
1317355084497396000, 120183
1317355084601530000, 119768
1317355084705606000, 119121
1317355084809671000, 117735
1317355084913746000, 117094
1317355085017760000, 117148
1317355085121750000, 116996
1317355085225764000, 116963
1317355085329743000, 117619
1317355085433732000, 119134
1317355085537759000, 120481
1317355085641777000, 120397
1317355085745768000, 120163
1317355085849757000, 120404
1317355085953738000, 120861
1317355086057712000, 121024
1317355086161680000, 120544
1317355086265638000, 120259
1317355086369625000, 120510
1317355086473616000, 120019
1317355086577607000, 120694
1317355086681611000, 120690
1317355086785607000, 120671
1317355086889597000, 121781
1317355086993587000, 122742
1317355087097599000, 123577
1317355087201588000, 124013
1317355087306186000, 124370
1317355087410233000, 124557
1317355087513655000, 124634
1317355087617695000, 124752
1317355087721735000, 124844
1317355087825742000, 124909
1317355087929783000, 125196
1317355088033853000, 125327
1317355088137939000, 125448
1317355088242039000, 125505
1317355088346162000, 125650
1317355088450297000, 126018
1317355088554443000, 126086
1317355088658649000, 126524
1317355088762905000, 126584
1317355088867161000, 126571
1317355088971448000, 126614
1317355089075731000, 126198
1317355089179986000, 125866
1317355089284238000, 125629
1317355089388468000, 125180
1317355089492703000, 124956
1317355089596925000, 124232
1317355089701125000, 123256
1317355089805342000, 122704
1317355089909548000, 121808
1317355090013747000, 121246
1317355090117954000, 121747
1317355090222161000, 121536
1317355090326369000, 121143
1317355090430582000, 120837
1317355090534797000, 121219
1317355090639002000, 121584
1317355090743202000, 121640
1317355090847384000, 122015
1317355090951564000, 122741
1317355091055751000, 123563
1317355091159912000, 124455
1317355091264013000, 124818
1317355091368072000, 125021
1317355091472161000, 125192
1317355091576259000, 125428
1317355091680321000, 125530
1317355091784381000, 125548
1317355091888444000, 125562
1317355091992529000, 125704
1317355092096625000, 125775
1317355092200684000, 125635
1317355092304770000, 125724
1317355092408852000, 125751
1317355092512914000, 125817
1317355092616989000, 125965
1317355092721044000, 126038
1317355092825103000, 126121
1317355092929141000, 126080
1317355093033150000, 126051
1317355093137151000, 125876
1317355093241139000, 125952
1317355093345130000, 125845
1317355093449125000, 125781
1317355093553130000, 125713
1317355093657142000, 125660
1317355093761179000, 125718
1317355093865244000, 125602
1317355093969332000, 125637
1317355094073419000, 125716
1317355094177538000, 125659
1317355094281680000, 125685
1317355094385786000, 125661
1317355094489891000, 125705
1317355094593976000, 125573
1317355094698044000, 125575
1317355094802082000, 125521
1317355094906116000, 125539
1317355095010155000, 125632
1317355095114192000, 125689
1317355095218262000, 125784
1317355095322310000, 125718
1317355095426319000, 125708
1317355095530329000, 125784
1317355095634320000, 125738
1317355095738301000, 125779
1317355095842292000, 125579
1317355095946282000, 125554
1317355096050329000, 125664
1317355096154394000, 125675
1317355096258516000, 125732
1317355096362659000, 125696
1317355096466782000, 125700
1317355096570952000, 125749
1317355096675088000, 125663
1317355096779175000, 125341
1317355096883262000, 125362
1317355096987366000, 125434
1317355097091467000, 125434
1317355097195597000, 125444
1317355097299735000, 125409
1317355097403845000, 125413
1317355097507952000, 125475
1317355097612063000, 125547
1317355097716196000, 125475
1317355097820322000, 125400
1317355097924445000, 125403
1317355098028554000, 125514
1317355098132666000, 125565
1317355098236754000, 125583
1317355098340866000, 125676
1317355098445008000, 125663
1317355098549110000, 125623
1317355098653236000, 125762
1317355098757394000, 125722
1317355098861560000, 125848
1317355098965755000, 125982
1317355099069988000, 126105
1317355099174230000, 126122
1317355099278453000, 126172
1317355099382659000, 126101
1317355099486876000, 126355
1317355099591058000, 126488
1317355099695231000, 126752
1317355099799413000, 126799
1317355099903571000, 126937
1317355100007714000, 127104
1317355100111871000, 127257
1317355100216047000, 127136
1317355100320268000, 127198
1317355100424544000, 126935
1317355100528845000, 126997
1317355100633157000, 127190
1317355100737470000, 127314
1317355100841853000, 127578
1317355100946277000, 127764
1317355101050692000, 127813
1317355101155114000, 127754
1317355101259554000, 127716
1317355101363985000, 127641
1317355101468382000, 127716
1317355101572726000, 127684
1317355101677033000, 127787
1317355101781341000, 127765
1317355101885619000, 127593
1317355101989891000, 127541
1317355102094201000, 127534
1317355102198479000, 127523
1317355102302725000, 127555
1317355102406989000, 127537
1317355102511253000, 127627
1317355102615499000, 127543
1317355102719730000, 127483
1317355102823959000, 127507
1317355102928179000, 127364
1317355103032407000, 127553
1317355103136601000, 127427
1317355103240755000, 127446
1317355103344888000, 127256
1317355103448995000, 127153
1317355103553140000, 127200
1317355103657273000, 127212
1317355103761373000, 127137
1317355103865471000, 127195
1317355103969534000, 127180
1317355104073597000, 127185
1317355104177635000, 127021
1317355104281624000, 126881
1317355104385623000, 127089
1317355104489590000, 127163
1317355104593524000, 127075
1317355104697507000, 127091
1317355104801522000, 127275
1317355104905543000, 127204
1317355105009569000, 127107
1317355105113575000, 127141
1317355105217603000, 127164
1317355105321643000, 127134
1317355105425669000, 127094
1317355105529694000, 126938
1317355105633720000, 126878
1317355105737772000, 126706
1317355105841814000, 126474
1317355105945832000, 126229
1317355106049884000, 125866
1317355106153919000, 125525
1317355106257942000, 125326
1317355106362019000, 124725
1317355106466081000, 124497
1317355106570143000, 124227
1317355106674179000, 124106
1317355106778224000, 124593
1317355106882289000, 124687
1317355106986340000, 124622
1317355107090415000, 125198
1317355107194471000, 125368
1317355107298556000, 125764
1317355107402668000, 125591
1317355107506790000, 125469
1317355107610973000, 125903
1317355107715158000, 126036
1317355107819355000, 126342
1317355107923574000, 126297
1317355108027770000, 126433
1317355108131967000, 126308
1317355108236151000, 126318
1317355108340319000, 126174
1317355108444439000, 125943
1317355108548501000, 126041
1317355108652588000, 126244
1317355108756666000, 126117
1317355108860753000, 126220
1317355108964900000, 126005
1317355109068996000, 125959
1317355109173077000, 126103
1317355109277165000, 125859
1317355109381219000, 125404
1317355109485285000, 125252
1317355109589382000, 124569
1317355109693481000, 123592
1317355109797617000, 123059
1317355109901791000, 122141
1317355110005962000, 122017
1317355110110137000, 120923
1317355110214321000, 119513
1317355110318539000, 119665
1317355110422726000, 119679
1317355110526909000, 120276
1317355110631127000, 121315
1317355110735299000, 121109
1317355110839474000, 121793
1317355110943648000, 122691
1317355111047784000, 124132
1317355111151937000, 125297
1317355111256072000, 125638
1317355111360183000, 125671
1317355111464280000, 125494
1317355111568360000, 125910
1317355111672431000, 126044
1317355111776499000, 126112
1317355111880571000, 126190
1317355111984647000, 126328
1317355112088712000, 126370
1317355112192775000, 126441
1317355112296855000, 126555
1317355112400923000, 126514
1317355112504981000, 126494
1317355112609045000, 126573
1317355112713067000, 126470
1317355112817066000, 126432
1317355112921093000, 126195
1317355113025115000, 125906
1317355113129102000, 125440
1317355113233085000, 125117
1317355113337116000, 124924
1317355113441127000, 124222
1317355113545126000, 123502
1317355113649142000, 123177
1317355113753136000, 123683
1317355113857150000, 124427
1317355113961152000, 124688
1317355114065149000, 125242
1317355114169165000, 125618
1317355114273222000, 126012
1317355114377272000, 126153
1317355114481286000, 126594
1317355114585301000, 126987
1317355114689317000, 127287
1317355114793332000, 127387
1317355114897333000, 127361
1317355115001381000, 127394
1317355115105421000, 127301
1317355115209461000, 127100
1317355115313512000, 126814
1317355115417548000, 126738
1317355115521612000, 126479
1317355115625662000, 126425
1317355115729699000, 126269
1317355115833717000, 126229
1317355115937760000, 126321
1317355116041796000, 126237
1317355116145796000, 126094
1317355116249834000, 126017
1317355116353903000, 125931
1317355116457953000, 125949
1317355116562000000, 125886
1317355116666051000, 125538
1317355116770114000, 125165
1317355116874180000, 124897
1317355116978243000, 124566
1317355117082308000, 124209
1317355117186384000, 123626
1317355117290477000, 122805
1317355117394561000, 122008
1317355117498674000, 121121
1317355117602794000, 120713
1317355117706906000, 120456
1317355117811008000, 120637
1317355117915139000, 121003
1317355118019310000, 121275
1317355118123465000, 121619
1317355118227621000, 122150
1317355118331797000, 122751
1317355118436005000, 123367
1317355118540224000, 123969
1317355118644432000, 124670
1317355118748649000, 125177
1317355118852868000, 125448
1317355118957073000, 125752
1317355119061278000, 125921
1317355119165486000, 126240
1317355119269669000, 126246
1317355119373850000, 126317
1317355119478033000, 126370
1317355119582218000, 126542
1317355119686401000, 126485
1317355119790537000, 126454
1317355119894647000, 126451
1317355119998756000, 126411
1317355120102842000, 126385
1317355120206893000, 126495
1317355120310947000, 126521
1317355120414997000, 126506
1317355120518998000, 126410
1317355120622987000, 126476
1317355120726978000, 126350
1317355120830963000, 126539
1317355120935028000, 126488
1317355121039170000, 126508
1317355121143355000, 126629
1317355121247590000, 126669
1317355121351844000, 126674
1317355121456117000, 126722
1317355121560396000, 126698
1317355121664675000, 126735
1317355121768951000, 126694
1317355121873230000, 126642
1317355121977510000, 126589
1317355122081764000, 126558
1317355122186017000, 126561
1317355122290271000, 126640
1317355122394503000, 126518
1317355122498733000, 126584
1317355122602988000, 126563
1317355122707242000, 126555
1317355122811497000, 126531
1317355122915729000, 126511
1317355123019960000, 126514
1317355123124213000, 126488
1317355123228467000, 126450
1317355123332694000, 126325
1317355123436925000, 126290
1317355123541188000, 126202
1317355123645416000, 125998
1317355123749643000, 125927
1317355123853876000, 125695
1317355123958085000, 125491
1317355124062317000, 125427
1317355124166546000, 125232
1317355124270752000, 125237
1317355124374985000, 125275
1317355124479239000, 125350
1317355124583467000, 125320
1317355124687698000, 125383
1317355124791928000, 125218
1317355124896134000, 125228
1317355125000342000, 125058
1317355125104548000, 125252
1317355125208754000, 125471
1317355125312962000, 125599
1317355125417168000, 125728
1317355125521374000, 125946
1317355125625580000, 126070
1317355125729788000, 126176
1317355125833973000, 126285
1317355125938155000, 126395
1317355126042385000, 126442
1317355126146616000, 126441
1317355126250822000, 126473
1317355126355029000, 126458
1317355126459236000, 126517
1317355126563420000, 126478
1317355126667627000, 126576
1317355126771857000, 126510
1317355126876063000, 126491
1317355126980270000, 126459
1317355127084477000, 126483
1317355127188707000, 126556
1317355127292937000, 126445
1317355127397144000, 126417
1317355127501352000, 126391
1317355127605534000, 126264
1317355127709715000, 126225
1317355127813899000, 126050
1317355127918081000, 125989
1317355128022288000, 125816
1317355128126470000, 125677
1317355128230653000, 125646
1317355128334861000, 125634
1317355128439045000, 125524
1317355128543228000, 125604
1317355128647433000, 125603
1317355128751617000, 125647
1317355128855799000, 125677
1317355128960005000, 125746
1317355129064164000, 125722
1317355129168301000, 125895
1317355129272412000, 125805
1317355129376499000, 125974
1317355129480562000, 125894
1317355129584552000, 125926
1317355129688518000, 125961
1317355129792459000, 125912
1317355129896377000, 125899
1317355130000271000, 125763
1317355130104118000, 125792
1317355130207943000, 125723
1317355130311790000, 125758
1317355130415635000, 125727
1317355130519458000, 125698
1317355130623279000, 125582
1317355130727080000, 125538
1317355130830878000, 125660
1317355130934700000, 125618
1317355131038572000, 125696
1317355131142468000, 125573
1317355131246387000, 125791
1317355131350352000, 125846
1317355131454342000, 125941
1317355131558383000, 126093
1317355131662470000, 126408
1317355131766606000, 126568
1317355131870788000, 126673
1317355131975017000, 126795
1317355132079273000, 126816
1317355132183527000, 126831
1317355132287778000, 126870
1317355132392033000, 126984
1317355132496290000, 127134
1317355132600545000, 127211
1317355132704825000, 127220
1317355132809128000, 127370
1317355132913431000, 127485
1317355133017757000, 127547
1317355133122133000, 127709
1317355133226557000, 127629
1317355133330979000, 127662
1317355133435400000, 127504
1317355133539848000, 127331
1317355133644294000, 127046
1317355133748716000, 126637
1317355133853090000, 126180
1317355133957442000, 125541
1317355134061770000, 124795
1317355134166047000, 124312
1317355134270302000, 123434
1317355134374555000, 122811
1317355134478785000, 122442
1317355134583017000, 122577
1317355134687225000, 122615
1317355134791408000, 122712
1317355134895613000, 122710
1317355134999821000, 122507
1317355135104004000, 122385
1317355135208162000, 122658
1317355135312321000, 123267
1317355135416481000, 123507
1317355135520640000, 123559
1317355135624798000, 123203
1317355135728957000, 123377
1317355135833115000, 123470
1317355135937274000, 123932
1317355136041408000, 123987
1317355136145543000, 124023
1317355136249679000, 123681
1317355136353813000, 123353
1317355136457945000, 122835
1317355136562058000, 122523
1317355136666169000, 121839
1317355136770304000, 121671
1317355136874440000, 121736
1317355136978574000, 121527
1317355137082731000, 121403
1317355137186865000, 120954
1317355137291002000, 121195
1317355137395136000, 121378
1317355137499248000, 121343
1317355137603382000, 121299
1317355137707515000, 121281
1317355137811651000, 121306
1317355137915785000, 121437
1317355138019896000, 121641
1317355138124031000, 121770
1317355138228191000, 122049
1317355138332349000, 122433
1317355138436507000, 122693
1317355138540666000, 122972
1317355138644825000, 123418
1317355138748961000, 123376
1317355138853095000, 123527
1317355138957229000, 123688
1317355139061364000, 124101
1317355139165499000, 124629
1317355139269632000, 125149
1317355139373792000, 125518
1317355139477951000, 125762
1317355139582108000, 126141
1317355139686244000, 126188
1317355139790378000, 126318
1317355139894537000, 126444
1317355139998697000, 126469
1317355140102854000, 126642
1317355140207013000, 126683
1317355140311172000, 126644
1317355140415341000, 126566
1317355140519522000, 126717
1317355140623719000, 126666
1317355140727902000, 126563
1317355140832060000, 126469
1317355140936219000, 126620
1317355141040380000, 126505
1317355141144514000, 126397
1317355141248649000, 126255
1317355141352808000, 126193
1317355141456965000, 126050
1317355141561124000, 125928
1317355141665260000, 125871
1317355141769394000, 125732
1317355141873529000, 125668
1317355141977664000, 125664
1317355142081824000, 125581
1317355142186007000, 125932
1317355142290189000, 126257
1317355142394371000, 126492
1317355142498587000, 126382
1317355142602771000, 126282
1317355142706945000, 126193
1317355142811124000, 125864
1317355142915284000, 125531
1317355143019418000, 125424
1317355143123553000, 125023
1317355143227689000, 124313
1317355143331823000, 123240
1317355143435982000, 122110
1317355143540118000, 119973
1317355143644254000, 116874
1317355143748387000, 117098
1317355143852497000, 117186
1317355143956632000, 117938
1317355144060790000, 120980
1317355144164924000, 122679
1317355144269058000, 123211
1317355144373217000, 123809
1317355144477376000, 124329
1317355144581512000, 124423
1317355144685624000, 124733
1317355144789735000, 124965
1317355144893845000, 125007
1317355144997955000, 125089
1317355145102089000, 125143
1317355145206248000, 125242
1317355145310409000, 125347
1317355145414591000, 125577
1317355145518772000, 125742
1317355145622955000, 125940
1317355145727137000, 126115
1317355145831295000, 126251
1317355145935456000, 126332
1317355146039638000, 126631
1317355146143821000, 126758
1317355146247980000, 126965
1317355146352163000, 127171
1317355146456347000, 127121
1317355146560528000, 127151
1317355146664736000, 127195
1317355146768919000, 127152
1317355146873081000, 127101
1317355146977262000, 127025
1317355147081443000, 126608
1317355147185578000, 126210
1317355147289690000, 125967
1317355147393825000, 125855
1317355147497982000, 125677
1317355147602139000, 125460
1317355147706299000, 125179
1317355147810458000, 124820
1317355147914617000, 124980
1317355148018771000, 125478
1317355148122928000, 126476
1317355148227092000, 126792
1317355148331275000, 126995
1317355148435482000, 127051
1317355148539665000, 127058
1317355148643825000, 127213
1317355148747983000, 127181
1317355148852140000, 127155
1317355148956300000, 127150
1317355149060483000, 127046
1317355149164666000, 126873
1317355149268826000, 126908
1317355149372984000, 126943
1317355149477117000, 126748
1317355149581250000, 126661
1317355149685408000, 126299
1317355149789569000, 125891
1317355149893739000, 125787
1317355149997873000, 125322
1317355150101973000, 125017
1317355150206107000, 124423
1317355150310242000, 124041
1317355150414352000, 123519
1317355150518490000, 123330
1317355150622649000, 123120
1317355150726783000, 123120
1317355150830917000, 123131
1317355150935051000, 123376
1317355151039210000, 123346
1317355151143367000, 123332
1317355151247503000, 123352
1317355151351661000, 123642
1317355151455796000, 123881
1317355151559931000, 124156
1317355151664090000, 124375
1317355151768273000, 124408
1317355151872456000, 124225
1317355151976637000, 124226
1317355152080843000, 124099
1317355152185052000, 124190
1317355152289256000, 124221
1317355152393462000, 124163
1317355152497694000, 123649
1317355152601925000, 122496
1317355152706134000, 120614
1317355152810341000, 117026
1317355152914547000, 113529
1317355153018729000, 108547
1317355153122864000, 107039
1317355153227000000, 108681
1317355153331134000, 110224
1317355153435244000, 111487
1317355153539356000, 112788
1317355153643492000, 111417
1317355153747650000, 110897
1317355153851832000, 111000
1317355153956062000, 114121
1317355154060342000, 117493
1317355154164646000, 120169
1317355154268972000, 122323
1317355154373299000, 123710
1317355154477601000, 124449
1317355154581904000, 124608
1317355154686183000, 124533
1317355154790436000, 124508
1317355154894691000, 124378
1317355154998947000, 124099
1317355155103201000, 124025
1317355155207431000, 123826
1317355155311662000, 123875
1317355155415894000, 123940
1317355155520100000, 124092
1317355155624283000, 124146
1317355155728464000, 124062
1317355155832673000, 124047
1317355155936855000, 123992
1317355156041013000, 123990
1317355156145195000, 124151
1317355156249380000, 124228
1317355156353563000, 124546
1317355156457744000, 124806
1317355156561927000, 125149
1317355156666110000, 125277
1317355156770267000, 125401
1317355156874426000, 125541
1317355156978585000, 125521
1317355157082743000, 125400
1317355157186923000, 125263
1317355157291108000, 125121
1317355157395268000, 125111
1317355157499428000, 125198
1317355157603587000, 125227
1317355157707720000, 125162
1317355157811855000, 125134
1317355157915989000, 125044
1317355158020126000, 125071
1317355158124236000, 124882
1317355158228323000, 124881
1317355158332432000, 124986
1317355158436543000, 125249
1317355158540679000, 125507
1317355158644815000, 125922
1317355158748948000, 126434
1317355158853106000, 126525
1317355158957266000, 126425
1317355159061426000, 126318
1317355159165607000, 126091
1317355159269811000, 125872
1317355159374042000, 125703
1317355159478273000, 125628
1317355159582479000, 125561
1317355159686686000, 125525
1317355159790894000, 125348
1317355159895102000, 125185
1317355159999308000, 125224
1317355160103515000, 125389
1317355160207722000, 125403
1317355160311928000, 125431
1317355160416112000, 125460
1317355160520293000, 125552
1317355160624502000, 125672
1317355160728709000, 125708
1317355160832914000, 126101
1317355160937121000, 126348
1317355161041328000, 126289
1317355161145535000, 126451
1317355161249742000, 126470
1317355161353947000, 126508
1317355161458155000, 126420
1317355161562363000, 126402
1317355161666570000, 126686
1317355161770751000, 126823
1317355161874933000, 127038
1317355161979140000, 126993
1317355162083345000, 127110
1317355162187552000, 127095
1317355162291736000, 127041
1317355162395920000, 127116
1317355162500127000, 127074
1317355162604309000, 126870
1317355162708555000, 126857
1317355162812740000, 126792
1317355162916835000, 126835
1317355163020992000, 126754
1317355163125126000, 126500
1317355163229261000, 126444
1317355163333396000, 126355
1317355163437532000, 126236
1317355163541668000, 125989
1317355163645777000, 125676
1317355163749887000, 125688
1317355163853997000, 125395
1317355163958106000, 125073
1317355164062195000, 125127
1317355164166283000, 124912
1317355164270369000, 124500
1317355164374458000, 123760
1317355164478542000, 123037
1317355164582628000, 122119
1317355164686739000, 121096
1317355164790826000, 120808
1317355164894912000, 120567
1317355164999023000, 120310
1317355165103136000, 120131
1317355165207249000, 119649
1317355165311360000, 119391
1317355165415443000, 119566
1317355165519529000, 119405
1317355165623675000, 119618
1317355165727809000, 119431
1317355165831932000, 119349
1317355165936068000, 119214
1317355166040203000, 119478
1317355166144339000, 118994
1317355166248474000, 119002
1317355166352608000, 119287
1317355166456722000, 119654
1317355166560833000, 120015
1317355166664939000, 120561
1317355166769050000, 121492
1317355166873161000, 122520
